F1,F2,F3,F4,F5,F6,F7,F8,Output
0.7292,0.7917,0,1,0,0,0,2,264.53
0.7292,0.3264,2,1,2,0,1,2,965.45
0.8507,0.816,2,1,2,0,1,2,1110.53
0.7292,0.3681,2,1,1,0,1,2,1268.26
0.7222,0.4201,2,1,2,0,1,2,1730.21
0.7292,0.3264,2,1,2,0,1,2,1987.45
0.7292,0.3264,2,1,2,0,1,2,2351.45
0.7292,0.7917,0,2,0,0,1,3,324.53
0.2708,0.5104,1,2,2,0,0,3,566.75
0.8507,0.9271,1,2,2,0,1,3,653.69
0.2708,0.4306,1,2,2,0,1,3,664.01
0.3125,0.816,2,2,2,0,0,3,1110.53
0.3438,0.5104,2,2,1,0,0,3,1257.86
0.6493,0.3299,2,2,1,0,1,3,1397.41
0.7292,0.9549,2,2,2,0,1,3,1409.45
0.7222,0.4201,2,2,2,0,1,3,1665.21
0.7292,0.7917,0,3,0,0,1,4,178.53
0.9931,0.5104,1,3,2,0,1,4,401.75
0.9931,0.4444,1,3,2,0,1,4,405.69
0.7222,0.4306,1,3,2,0,1,4,563.32
0.7674,0.4306,1,3,2,0,1,4,563.32
0.8507,0.4306,1,3,2,0,1,4,563.32
0.9931,0.4306,1,3,2,0,1,4,563.32
0.2708,0.5104,1,3,2,0,0,4,566.75
0.3854,0.9271,1,3,2,0,0,4,653.69
0.7292,0.3264,2,3,2,0,1,4,965.45
0.4236,0.5868,2,3,1,0,0,4,1049.52
0.4236,0.7569,2,3,1,0,0,4,1050.52
0.5243,0.8993,2,3,2,0,0,4,1340.03
0.6493,0.9271,2,3,1,0,0,4,1384.8
0.4236,0.684,2,3,2,0,0,4,1448.85
0.7292,0.9549,2,3,2,0,0,4,1464.45
0.3403,0.816,2,3,2,0,0,4,1536.41
0.9931,0.4444,2,3,2,0,1,4,1577.69
0.7292,0.7917,0,4,0,0,0,5,178.53
0.9931,0.4306,1,4,2,0,1,5,398.32
0.2708,0.5104,1,4,2,0,0,5,401.75
0.2708,0.5729,1,4,2,0,0,5,405.69
0.8125,0.4444,1,4,2,0,1,5,405.69
0.8507,0.4444,1,4,2,0,1,5,405.69
0.9931,0.4444,1,4,2,0,1,5,405.69
0.7674,0.4306,1,4,2,0,1,5,463.32
0.8125,0.4306,1,4,2,0,1,5,463.32
0.8507,0.4306,1,4,2,0,1,5,463.32
0.3125,0.8993,1,4,2,0,0,5,677.03
0.4236,0.5868,2,4,1,0,0,5,1026.52
0.9931,0.816,2,4,2,0,1,5,1110.53
0.7674,0.5556,2,4,2,0,1,5,1115.32
0.8125,0.4306,2,4,2,0,1,5,1115.32
0.8507,0.4306,2,4,2,0,1,5,1115.32
0.9931,0.4306,2,4,2,0,1,5,1115.32
0.3438,0.5104,2,4,1,0,0,5,1257.86
0.7292,0.7917,0,5,0,0,0,6,151.53
0.9931,0.4306,1,5,2,0,1,6,398.32
0.3125,0.684,1,5,2,0,0,6,401.75
0.4757,0.684,1,5,2,0,0,6,401.75
0.7222,0.5104,1,5,2,0,1,6,401.75
0.7674,0.5104,1,5,2,0,1,6,401.75
0.8646,0.5104,1,5,2,0,1,6,401.75
0.2708,0.5729,1,5,2,0,0,6,405.69
0.3125,0.7396,1,5,2,0,0,6,405.69
0.4757,0.7396,1,5,2,0,0,6,405.69
0.8646,0.4444,1,5,2,0,1,6,405.69
0.9931,0.4444,1,5,2,0,1,6,405.69
0.9931,0.5556,1,5,2,0,1,6,421.32
0.4757,0.684,1,5,2,0,0,6,424.75
0.9931,0.4444,1,5,2,0,1,6,428.69
0.7222,0.4306,1,5,2,0,1,6,463.32
0.7674,0.4306,1,5,2,0,1,6,463.32
0.8646,0.4306,1,5,2,0,1,6,463.32
0.6181,0.3264,1,5,2,0,1,6,481.01
0.6736,0.3264,1,5,2,0,1,6,481.01
0.7292,0.3264,2,5,2,0,1,6,965.45
0.4236,0.5868,2,5,1,0,0,6,976.52
0.9931,0.8993,2,5,2,0,1,6,1085.03
0.3125,0.816,2,5,2,0,0,6,1110.53
0.7674,0.4306,2,5,2,0,1,6,1115.32
0.8646,0.4306,2,5,2,0,1,6,1115.32
0.9931,0.4306,2,5,2,0,1,6,1115.32
0.6181,0.3264,2,5,2,0,1,6,1133.01
0.6736,0.3264,2,5,2,0,1,6,1133.01
0.7292,0.7917,0,6,0,0,0,7,178.53
0.8646,0.4306,1,6,2,0,1,7,398.32
0.9931,0.4306,1,6,2,0,1,7,398.32
0.7708,0.5104,1,6,2,0,1,7,401.75
0.8646,0.5104,1,6,2,0,1,7,401.75
0.9931,0.5104,1,6,2,0,1,7,401.75
0.2708,0.5729,1,6,2,0,0,7,405.69
0.8438,0.4444,1,6,2,0,1,7,405.69
0.8646,0.4444,1,6,2,0,1,7,405.69
0.9931,0.4444,1,6,2,0,1,7,405.69
0.9931,0.5556,1,6,2,0,1,7,421.32
0.8056,0.4306,1,6,2,0,1,7,463.32
0.8438,0.4306,1,6,2,0,1,7,463.32
0.7639,0.5104,1,6,2,0,1,7,566.75
0.4236,0.7569,2,6,1,0,0,7,1026.52
0.7292,0.7917,0,7,0,0,0,1,151.53
0.2708,0.5104,1,7,2,0,0,1,401.75
0.3542,0.684,1,7,2,0,0,1,401.75
0.4757,0.684,1,7,2,0,0,1,401.75
0.8507,0.5104,1,7,2,0,1,1,401.75
0.9931,0.5104,1,7,2,0,1,1,401.75
0.8507,0.4444,1,7,2,0,1,1,405.69
0.9931,0.4444,1,7,2,0,1,1,405.69
0.9931,0.4306,1,7,2,0,1,1,421.32
0.4757,0.684,1,7,2,0,0,1,424.75
0.3125,0.7604,1,7,2,0,0,1,463.32
0.9931,0.5938,1,7,2,0,1,1,622.03
0.2708,0.5556,1,7,2,0,0,1,623.32
0.8507,0.4306,1,7,2,0,1,1,623.32
0.9931,0.4306,1,7,2,0,1,1,623.32
0.2708,0.5556,1,7,2,0,0,1,646.32
0.4757,0.8993,2,7,2,0,1,1,1340.03
0.7292,0.7917,0,8,0,0,0,2,126.53
0.6181,0.9375,0,8,2,0,0,2,245.1
0.2708,0.5556,1,8,2,0,0,2,398.32
0.7222,0.4306,1,8,2,0,1,2,398.32
0.8507,0.4306,1,8,2,0,1,2,398.32
0.9931,0.4306,1,8,2,0,1,2,398.32
0.2708,0.5104,1,8,2,0,0,2,401.75
0.3507,0.684,1,8,2,0,0,2,401.75
0.4583,0.684,1,8,2,0,0,2,401.75
0.8507,0.4444,1,8,2,0,1,2,405.69
0.9931,0.4444,1,8,2,0,1,2,405.69
0.6181,0.3264,1,8,2,0,1,2,416.01
0.9931,0.4306,1,8,2,0,1,2,421.32
0.4583,0.684,1,8,2,0,0,2,424.75
0.2708,0.5729,1,8,2,0,0,2,428.69
0.7674,0.4306,1,8,2,0,1,2,463.32
0.2708,0.5104,1,8,2,0,0,2,589.75
0.3125,0.8333,1,8,2,0,0,2,615.48
0.3507,0.8333,1,8,2,0,0,2,615.48
0.4583,0.8333,1,8,2,0,0,2,615.48
0.4583,0.8993,1,8,2,0,0,2,622.03
0.7292,0.3264,2,8,2,0,1,2,965.45
0.4236,0.8854,2,8,1,0,0,2,976.52
0.4236,0.5868,2,8,1,0,0,2,986.52
0.4236,0.7569,2,8,1,0,0,2,1050.52
0.4236,0.6806,2,8,2,0,0,2,1054.11
0.7292,0.9549,2,8,2,0,0,2,1104.45
0.2708,0.5556,2,8,2,0,0,2,1115.32
0.7674,0.4306,2,8,2,0,1,2,1115.32
0.8507,0.4306,2,8,2,0,1,2,1115.32
0.9931,0.4306,2,8,2,0,1,2,1115.32
0.6493,0.9549,2,8,2,0,0,2,1164.39
0.3438,0.5903,2,8,1,0,0,2,2137.09
0.7292,0.7917,0,9,0,0,0,3,126.53
0.2708,0.5556,1,9,2,0,0,3,398.32
0.7604,0.4306,1,9,2,0,1,3,398.32
0.9931,0.4306,1,9,2,0,1,3,398.32
0.2708,0.5104,1,9,2,0,0,3,401.75
0.7674,0.5104,1,9,2,0,1,3,401.75
0.9931,0.5104,1,9,2,0,1,3,401.75
0.7222,0.5729,1,9,2,0,1,3,405.69
0.8125,0.4444,1,9,2,0,1,3,405.69
0.8507,0.4444,1,9,2,0,1,3,405.69
0.9931,0.4444,1,9,2,0,1,3,405.69
0.3125,0.9722,1,9,2,0,0,3,421.32
0.8125,0.4306,1,9,2,0,1,3,463.32
0.8507,0.4306,1,9,2,0,1,3,463.32
0.7674,0.5938,1,9,2,0,1,3,573.03
0.7292,0.9722,2,9,2,0,0,3,965.45
0.4236,0.5868,2,9,1,0,0,3,976.52
0.4236,0.7569,2,9,1,0,0,3,1050.52
0.2708,0.5556,2,9,2,0,0,3,1115.32
0.9931,0.4306,2,9,2,0,1,3,1115.32
0.7292,0.7917,0,10,0,0,0,4,126.53
0.6181,0.9375,0,10,2,0,0,4,245.1
0.8507,0.4306,1,10,2,0,1,4,398.32
0.9931,0.4306,1,10,2,0,1,4,398.32
0.2708,0.5104,1,10,2,0,0,4,401.75
0.3125,0.6771,1,10,2,0,0,4,401.75
0.3854,0.6771,1,10,2,0,0,4,401.75
0.9931,0.5104,1,10,2,0,1,4,401.75
0.9931,0.4444,1,10,2,0,1,4,405.69
0.9931,0.4306,1,10,2,0,1,4,421.32
0.3854,0.684,1,10,2,0,0,4,424.75
0.2708,0.5729,1,10,2,0,0,4,428.69
0.2708,0.5556,1,10,2,0,0,4,463.32
0.7222,0.4306,1,10,2,0,1,4,463.32
0.7674,0.4306,1,10,2,0,1,4,463.32
0.2708,0.5556,1,10,2,0,0,4,486.32
0.9931,0.5938,1,10,2,0,1,4,622.03
0.7292,0.3264,2,10,2,0,1,4,965.45
0.4236,0.5868,2,10,1,0,0,4,1006.52
0.4236,0.7569,2,10,1,0,0,4,1050.52
0.2708,0.5556,2,10,2,0,1,4,1115.32
0.7674,0.4306,2,10,2,0,1,4,1115.32
0.8507,0.4306,2,10,2,0,1,4,1115.32
0.9931,0.4306,2,10,2,0,1,4,1115.32
0.5243,0.8993,2,10,2,0,0,4,1123.03
0.7292,0.7917,0,11,0,0,0,5,126.53
0.9931,0.4306,1,11,2,0,1,5,421.32
0.2708,0.5104,1,11,2,0,0,5,424.75
0.2708,0.5729,1,11,2,0,0,5,428.69
0.6181,0.9722,1,11,2,0,1,5,486.32
0.3125,0.8993,1,11,2,0,0,5,573.03
0.4757,0.7604,1,11,2,0,0,5,586.32
0.4757,0.684,1,11,2,0,0,5,589.75
0.4236,0.5868,2,11,1,0,0,5,986.52
0.4236,0.6806,2,11,2,0,0,5,1081.11
0.9931,0.816,2,11,2,0,1,5,1110.53
0.7292,0.9549,2,11,2,0,0,5,1121.45
0.3438,0.5104,2,11,1,0,0,5,1257.86
0.3438,0.5729,2,11,2,0,0,5,1319.13
0.3438,0.5868,2,11,2,0,0,5,1419.85
0.4236,0.684,2,11,2,0,0,5,1448.85
0.2708,0.5104,2,11,2,0,0,5,1470.75
0.4757,0.684,2,11,2,0,0,5,1508.75
0.3438,0.5938,2,11,2,0,0,5,1721.45
0.7292,0.7917,0,12,0,0,0,6,126.53
0.8646,0.7396,1,12,2,0,1,6,345.03
0.4757,0.8507,1,12,2,0,0,6,402.19
0.2708,0.7604,1,12,2,0,0,6,421.32
0.9931,0.4306,1,12,2,0,1,6,421.32
0.2708,0.684,1,12,2,0,0,6,424.75
0.3125,0.684,1,12,2,0,0,6,424.75
0.4757,0.684,1,12,2,0,0,6,424.75
0.2708,0.5729,1,12,2,0,0,6,428.69
0.3125,0.7396,1,12,2,0,0,6,428.69
0.4757,0.7396,1,12,2,0,0,6,428.69
0.9931,0.4444,1,12,2,0,1,6,428.69
0.3125,0.7604,1,12,2,0,0,6,486.32
0.4757,0.7604,1,12,2,0,0,6,486.32
0.4236,0.5868,2,12,1,0,0,6,951.52
0.2708,0.816,2,12,2,0,0,6,1067.53
0.3125,0.816,2,12,2,0,0,6,1067.53
0.3125,0.816,2,12,2,0,0,6,1110.53
0.4757,0.684,2,12,2,0,0,6,1508.75
0.4236,0.684,2,12,2,0,0,6,1524.85
0.4757,0.7396,2,12,2,0,0,6,1577.69
0.7292,0.7917,0,13,0,0,0,7,126.53
0.9931,0.5938,1,13,2,0,1,7,345.03
0.3438,0.8993,1,13,2,0,0,7,377.03
0.3438,0.7604,1,13,2,0,0,7,421.32
0.3438,0.5104,2,13,1,0,0,7,1257.86
0.7292,0.7917,0,14,0,0,0,1,126.53
0.2708,0.5556,1,14,2,0,0,1,421.32
0.4757,0.684,1,14,2,0,0,1,424.75
0.4236,0.5868,2,14,1,0,0,1,951.52
0.3438,0.5104,2,14,1,0,0,1,1257.86
0.7292,0.7917,0,15,0,0,0,2,126.53
0.9931,0.5938,1,15,2,0,1,2,345.03
0.4583,0.8993,1,15,2,0,0,2,377.03
0.4583,0.7604,1,15,2,0,0,2,421.32
0.2708,0.5104,1,15,2,0,0,2,424.75
0.3125,0.684,1,15,2,0,0,2,424.75
0.3507,0.684,1,15,2,0,0,2,424.75
0.4583,0.684,1,15,2,0,0,2,424.75
0.2708,0.5729,1,15,2,0,0,2,428.69
0.4583,0.9236,1,15,2,0,0,2,428.69
0.2708,0.5556,1,15,2,0,0,2,486.32
0.4236,0.5868,2,15,1,0,0,2,951.52
0.4236,0.6806,2,15,2,0,0,2,979.11
0.7292,0.9549,2,15,2,0,0,2,1012.45
0.3438,0.9549,2,15,1,0,0,2,1257.86
0.3438,0.5729,2,15,2,0,0,2,1319.13
0.3438,0.5938,2,15,2,0,0,2,1370.45
0.3438,0.5868,2,15,2,0,0,2,1384.85
0.4236,0.684,2,15,2,0,0,2,1448.85
0.2708,0.5104,2,15,2,0,0,2,1470.75
0.4583,0.684,2,15,2,0,0,2,1508.75
0.7292,0.7917,0,16,0,0,0,3,102.53
0.3125,0.8993,1,16,2,0,0,3,345.03
0.3125,0.7743,1,16,2,0,0,3,421.32
0.4757,0.684,1,16,2,0,0,3,424.75
0.4236,0.5868,1,16,1,0,0,3,951.52
0.3438,0.5104,2,16,1,0,0,3,1257.86
0.7292,0.7917,0,17,0,0,0,4,126.53
0.5243,0.8993,1,17,2,0,0,4,345.03
0.2708,0.5556,1,17,2,0,0,4,421.32
0.2708,0.5868,1,17,2,0,0,4,424.75
0.3125,0.684,1,17,2,0,0,4,424.75
0.3854,0.684,1,17,2,0,0,4,424.75
0.2708,0.5729,1,17,2,0,0,4,428.68
0.5243,0.9271,1,17,2,0,0,4,428.68
0.4236,0.5868,2,17,1,0,0,4,961.52
0.4236,0.6806,2,17,2,0,0,4,1054.11
0.7292,0.9549,2,17,2,0,0,4,1072.45
0.3438,0.5104,2,17,1,0,0,4,1257.86
0.3438,0.5729,2,17,2,0,0,4,1319.13
0.3438,0.5938,2,17,2,0,0,4,1380.45
0.3438,0.5868,2,17,2,0,0,4,1394.85
0.2708,0.5104,2,17,2,0,0,4,1470.75
0.7292,0.7917,0,18,0,0,0,5,102.53
0.9931,0.7396,1,18,2,0,1,5,345.03
0.6181,0.9722,1,18,2,0,0,5,421.32
0.2708,0.5104,1,18,2,0,0,5,424.75
0.4757,0.684,1,18,2,0,0,5,424.75
0.2708,0.5729,1,18,2,0,0,5,428.69
0.4757,0.7604,1,18,2,0,0,5,586.32
0.6181,0.9722,1,18,2,0,0,5,646.32
0.4236,0.5868,2,18,1,0,0,5,961.52
0.7292,0.9549,2,18,2,0,0,5,1024.45
0.9931,0.816,2,18,2,0,1,5,1110.53
0.3438,0.5104,2,18,1,0,0,5,1257.86
0.3438,0.5729,2,18,2,0,0,5,1319.13
0.3438,0.5868,2,18,2,0,0,5,1394.85
0.4236,0.684,2,18,2,0,0,5,1448.85
0.2708,0.5104,2,18,2,0,0,5,1470.75
0.4757,0.684,2,18,2,0,0,5,1508.78
0.3438,0.5938,2,18,2,0,0,5,1566.45
0.7292,0.7917,0,19,0,0,0,6,151.53
0.9931,0.7396,1,19,2,0,1,6,354.03
0.2708,0.7604,1,19,2,0,0,6,421.32
0.3125,0.7604,1,19,2,0,0,6,421.32
0.4757,0.7604,1,19,2,0,0,6,421.32
0.9931,0.4306,1,19,2,0,1,6,421.32
0.4757,0.816,1,19,2,0,0,6,424.75
0.2708,0.5729,1,19,2,0,0,6,428.69
0.3125,0.4757,1,19,2,0,0,6,428.69
0.4757,0.7396,1,19,2,0,0,6,428.69
0.4757,0.684,1,19,2,0,0,6,642.75
0.4236,0.5868,2,19,1,0,0,6,951.52
0.2708,0.816,2,19,2,0,0,6,1097.53
0.3125,0.816,2,19,2,0,0,6,1097.53
0.4236,0.684,2,19,2,0,0,6,1524.85
0.4757,0.7396,2,19,2,0,0,6,1577.69
0.4757,0.684,2,19,2,0,0,6,1585.75
0.7292,0.7917,0,20,0,0,0,7,126.53
0.6181,0.9375,0,20,2,0,0,7,272.1
0.3438,0.8993,1,20,2,0,0,7,345.03
0.3438,0.7604,1,20,2,0,0,7,398.32
0.8056,0.4306,1,20,2,0,1,7,398.32
0.8438,0.4306,1,20,2,0,1,7,398.32
0.8646,0.4306,1,20,2,0,1,7,398.32
0.9931,0.4306,1,20,2,0,1,7,398.32
0.2708,0.5104,1,20,2,0,0,7,401.75
0.3438,0.684,1,20,2,0,0,7,401.75
0.4757,0.684,1,20,2,0,0,7,401.75
0.2708,0.5729,1,20,2,0,0,7,405.69
0.8438,0.4444,1,20,2,0,1,7,405.69
0.8646,0.4444,1,20,2,0,1,7,405.69
0.9931,0.4444,1,20,2,0,1,7,405.69
0.6181,0.9722,1,20,2,0,0,7,421.32
0.4757,0.684,1,20,2,0,0,7,424.75
0.4757,0.7604,1,20,2,0,0,7,463.32
0.7292,0.7917,0,21,0,0,0,1,126.53
0.4757,0.8993,1,21,2,0,0,1,345.03
0.3125,0.7604,1,21,2,0,0,1,398.32
0.3542,0.7604,1,21,2,0,0,1,398.32
0.4757,0.7604,1,21,2,0,0,1,398.32
0.6563,0.9722,1,21,2,0,0,1,398.32
0.7674,0.5556,1,21,2,0,1,1,398.32
0.8507,0.4306,1,21,2,0,1,1,398.32
0.9931,0.4306,1,21,2,0,1,1,398.32
0.3542,0.684,1,21,2,0,0,1,401.75
0.4757,0.684,1,21,2,0,0,1,401.75
0.6563,0.3264,1,21,2,0,1,1,416.01
0.4757,0.7604,1,21,2,0,0,1,421.32
0.4757,0.684,1,21,2,0,0,1,424.75
0.2708,0.5556,1,21,2,0,0,1,463.32
0.2708,0.5104,1,21,2,0,0,1,566.75
0.7292,0.7917,0,22,0,0,0,2,151.53
0.6181,0.9375,0,22,2,0,0,2,220.1
0.3507,0.8993,1,22,2,0,0,2,345.03
0.2708,0.5556,1,22,2,0,0,2,398.32
0.3125,0.7604,1,22,2,0,0,2,398.32
0.3507,0.7604,1,22,2,0,0,2,398.32
0.7222,0.4306,1,22,2,0,1,2,398.32
0.7674,0.4306,1,22,2,0,1,2,398.32
0.8507,0.4306,1,22,2,0,1,2,398.32
0.9931,0.4306,1,22,2,0,1,2,398.32
0.2708,0.5104,1,22,2,0,0,2,401.75
0.8507,0.5104,1,22,2,0,1,2,401.75
0.8507,0.4444,1,22,2,0,1,2,405.69
0.9931,0.4444,1,22,2,0,1,2,405.69
0.6181,0.3264,1,22,2,0,1,2,416.01
0.6736,0.3264,1,22,2,0,1,2,416.01
0.2708,0.5556,1,22,2,0,0,2,421.32
0.2708,0.5729,1,22,2,0,0,2,428.69
0.4583,0.7604,1,22,2,0,0,2,463.32
0.3507,0.684,1,22,2,0,0,2,566.75
0.4583,0.684,1,22,2,0,0,2,566.75
0.4583,0.684,1,22,2,0,0,2,589.75
0.4236,0.5868,2,22,2,0,0,2,951.52
0.4583,0.7604,2,22,2,0,0,2,1115.2
0.2708,0.5556,2,22,1,0,0,2,1151.32
0.3125,0.7604,2,22,2,0,0,2,1151.32
0.3507,0.7604,2,22,2,0,0,2,1151.32
0.9931,0.4306,2,22,2,0,1,2,1151.32
0.7292,0.7917,0,23,0,0,0,3,126.53
0.2708,0.5556,1,23,2,0,0,3,398.32
0.3576,0.7604,1,23,2,0,0,3,398.32
0.4757,0.7604,1,23,2,0,0,3,398.32
0.7674,0.4306,1,23,2,0,1,3,398.32
0.8125,0.4306,1,23,2,0,1,3,398.32
0.8507,0.4306,1,23,2,0,1,3,398.32
0.9931,0.4306,1,23,2,0,1,3,398.32
0.2708,0.5104,1,23,2,0,0,3,401.75
0.7222,0.5104,1,23,2,0,0,3,401.75
0.7674,0.5104,1,23,2,0,0,3,401.75
0.2708,0.5556,1,23,2,0,0,3,421.32
0.3125,0.7604,1,23,2,0,0,3,463.32
0.3576,0.684,1,23,2,0,0,3,566.75
0.4757,0.684,1,23,2,0,0,3,566.75
0.4757,0.684,1,23,2,0,0,3,589.75
0.3576,0.8993,1,23,2,0,0,3,677.03
0.3576,0.816,2,23,2,0,0,3,1110.53
0.7292,0.7917,0,24,0,0,0,4,206.53
0.6181,0.9375,0,24,2,0,0,4,340.1
0.2708,0.5104,1,24,2,0,0,4,401.75
0.3125,0.6424,1,24,2,0,0,4,401.75
0.3854,0.684,1,24,2,0,0,4,401.75
0.9931,0.4444,1,24,2,0,1,4,405.69
0.6181,0.3264,1,24,2,0,1,4,416.01
0.7222,0.4306,1,24,2,0,1,4,463.32
0.3854,0.7604,1,24,2,0,0,4,463.32
0.7674,0.4306,1,24,2,0,1,4,463.32
0.8507,0.4306,1,24,2,0,1,4,463.32
0.9931,0.4306,1,24,2,0,1,4,463.32
0.2708,0.5556,1,24,2,0,0,4,563.32
0.4236,0.5868,2,24,1,0,0,4,971.52
0.2708,0.5556,2,24,2,0,0,4,1115.32
0.3854,0.7604,2,24,2,0,0,4,1115.32
0.9931,0.4306,2,24,2,0,1,4,1115.32
0.7292,0.7917,0,25,0,1,0,5,206.53
0.7674,0.4306,1,25,2,1,1,5,398.32
0.8125,0.4306,1,25,2,1,1,5,398.32
0.9931,0.4306,1,25,2,1,1,5,398.32
0.7674,0.5729,1,25,2,1,0,5,405.69
0.9931,0.4306,1,25,2,1,1,5,421.32
0.9931,0.5729,1,25,2,1,1,5,428.69
0.6181,0.9722,1,25,2,1,0,5,463.32
0.8507,0.4306,1,25,2,1,1,5,463.32
0.6181,0.9375,1,25,2,1,0,5,530.1
0.3125,0.7604,1,25,2,1,0,5,563.32
0.3403,0.7604,1,25,2,1,0,5,563.32
0.4757,0.7604,1,25,2,1,0,5,563.32
0.2708,0.5104,1,25,2,1,0,5,566.75
0.3125,0.684,1,25,2,1,0,5,566.75
0.3403,0.684,1,25,2,1,0,5,566.75
0.4757,0.684,1,25,2,1,0,5,566.75
0.3125,0.7604,1,25,2,1,0,5,586.32
0.4757,0.684,1,25,2,1,0,5,589.75
0.2708,0.5556,1,25,2,1,0,5,773.32
0.4757,0.8993,2,25,2,1,0,5,1123.03
0.7292,0.7917,0,26,0,1,0,6,206.53
0.9931,0.8993,1,26,2,1,1,6,345.03
0.7674,0.4306,1,26,2,1,1,6,398.32
0.8125,0.4306,1,26,2,1,1,6,398.32
0.8646,0.4306,1,26,2,1,1,6,398.32
0.9931,0.4306,1,26,2,1,1,6,398.32
0.7222,0.5729,1,26,2,1,1,6,405.69
0.7674,0.5729,1,26,2,1,1,6,405.69
0.6181,0.3264,1,26,2,1,1,6,416.01
0.6736,0.3264,1,26,2,1,1,6,416.01
0.9931,0.5729,1,26,2,1,1,6,428.69
0.3125,0.7604,1,26,2,1,0,6,463.32
0.4757,0.7604,1,26,2,1,0,6,463.32
0.4757,0.684,1,26,2,1,0,6,466.75
0.4757,0.7604,1,26,2,1,0,6,486.32
0.2708,0.5729,1,26,2,1,0,6,570.69
0.7292,0.3264,2,26,2,1,1,6,965.45
0.3125,0.7604,2,26,2,1,0,6,1115.32
0.4757,0.7604,2,26,2,1,0,6,1115.32
0.8125,0.4306,2,26,2,1,1,6,1115.32
0.8646,0.4306,2,26,2,1,1,6,1115.32
0.9931,0.4306,2,26,2,1,1,6,1115.32
0.6736,0.3264,2,26,2,1,1,6,1133.01
0.7292,0.7917,0,27,0,1,0,7,126.53
0.6181,0.9375,0,27,2,1,0,7,220.1
0.2708,0.8993,1,27,2,1,0,7,345.03
0.7222,0.4306,1,27,2,1,1,7,398.32
0.4757,0.684,1,27,2,1,0,7,401.75
0.9931,0.5104,1,27,2,1,1,7,401.75
0.2708,0.5729,1,27,2,1,0,7,405.69
0.6181,0.9722,1,27,2,1,0,7,421.32
0.9931,0.5104,1,27,2,1,1,7,424.75
0.4757,0.7604,1,27,2,1,0,7,463.32
0.8438,0.4306,1,27,2,1,1,7,463.32
0.9931,0.4306,1,27,2,1,1,7,463.32
0.4236,0.7569,2,27,1,1,0,7,951.52
0.6181,0.8229,2,27,2,1,0,7,1072.91
0.4757,0.7604,2,27,2,1,0,7,1115.32
0.9931,0.4306,2,27,2,1,1,7,1115.32
0.7292,0.7917,0,28,0,1,0,1,151.53
0.2708,0.5556,1,28,2,1,0,1,398.32
0.3542,0.7604,1,28,2,1,0,1,398.32
0.4757,0.7604,1,28,2,1,0,1,398.32
0.9931,0.4306,1,28,2,1,1,1,398.32
0.2708,0.5104,1,28,2,1,0,1,401.75
0.4757,0.816,1,28,2,1,0,1,401.75
0.4757,0.7604,1,28,2,1,0,1,421.32
0.4757,0.8993,1,28,2,1,0,1,573.03
0.4757,0.5938,1,28,2,1,0,1,574.35
0.4236,0.5868,2,28,1,1,0,1,951.52
0.7292,0.9722,2,28,2,1,0,1,971.45
0.5486,0.8229,2,28,2,1,0,1,1072.91
0.9931,0.3576,2,28,2,1,1,1,1072.91
0.2708,0.5556,2,28,2,1,0,1,1115.32
0.3542,0.7604,2,28,2,1,0,1,1115.32
0.4757,0.7604,2,28,2,1,0,1,1115.32
0.9931,0.4306,2,28,2,1,1,1,1115.32
0.7292,0.7917,0,29,0,1,0,2,151.53
0.6181,0.9375,0,29,2,1,0,2,220.1
0.3507,0.8993,1,29,2,1,0,2,345.03
0.3507,0.4479,1,29,2,1,0,2,346.35
0.2708,0.5556,1,29,2,1,0,2,398.32
0.3125,0.7604,1,29,2,1,0,2,398.32
0.3507,0.7604,1,29,2,1,0,2,398.32
0.7222,0.4306,1,29,2,1,1,2,398.32
0.7674,0.4306,1,29,2,1,1,2,398.32
0.8507,0.4306,1,29,2,1,1,2,398.32
0.9931,0.4306,1,29,2,1,1,2,398.32
0.2708,0.5104,1,29,2,1,0,2,401.75
0.4583,0.816,1,29,2,1,0,2,401.75
0.8507,0.5104,1,29,2,1,1,2,401.75
0.9931,0.5104,1,29,2,1,1,2,401.75
0.6181,0.3264,1,29,2,1,1,2,416.01
0.6736,0.3264,1,29,2,1,1,2,416.01
0.9931,0.5104,1,29,2,1,1,2,424.75
0.2708,0.7361,1,29,2,1,0,2,428.69
0.4583,0.7604,1,29,2,1,0,2,463.32
0.4236,0.5868,2,29,1,1,0,2,951.52
0.2708,0.5556,2,29,2,1,0,2,1115.32
0.3507,0.7604,2,29,2,1,0,2,1115.32
0.4583,0.7604,2,29,2,1,0,2,1115.32
0.9931,0.4306,2,29,2,1,1,2,1115.32
0.6736,0.3264,2,29,2,1,1,2,1133.01
0.7292,0.7917,0,30,0,1,0,3,151.53
0.2708,0.5556,1,30,2,1,0,3,398.32
0.3125,0.7604,1,30,2,1,0,3,398.32
0.3576,0.7604,1,30,2,1,0,3,398.32
0.8507,0.4306,1,30,2,1,1,3,398.32
0.9931,0.4306,1,30,2,1,1,3,398.32
0.2708,0.5104,1,30,2,1,0,3,401.75
0.2708,0.5556,1,30,2,1,0,3,421.32
0.4757,0.7604,1,30,2,1,0,3,463.32
0.3125,0.8993,1,30,2,1,0,3,573.03
0.2708,0.7604,1,30,2,1,0,3,796.32
0.4236,0.5868,21,30,1,1,0,3,951.52
0.9931,0.3576,2,30,2,1,1,3,1072.91
0.2708,0.5556,2,30,2,1,0,3,1115.32
0.3576,0.7604,2,30,2,1,0,3,1115.32
0.4757,0.7604,2,30,2,1,0,3,1115.32
0.7292,0.7917,0,31,0,1,0,4,151.53
0.3125,0.7604,1,31,2,1,0,4,398.32
0.3854,0.7604,1,31,2,1,0,4,398.32
0.7674,0.4306,1,31,2,1,1,4,398.32
0.8507,0.4306,1,31,2,1,1,4,398.32
0.9931,0.4306,1,31,2,1,1,4,398.32
0.2708,0.5104,1,31,2,1,0,4,401.75
0.3854,0.816,1,31,2,1,0,4,401.75
0.9931,0.5104,1,31,2,1,1,4,401.75
0.5243,0.3264,1,31,2,1,1,4,416.01
0.6181,0.3264,1,31,2,1,1,4,416.01
0.3125,0.7604,1,31,2,1,0,4,421.32
0.9931,0.5104,1,31,2,1,1,4,424.75
0.2708,0.5556,1,31,2,1,0,4,463.32
0.7222,0.4306,1,31,2,1,1,4,463.32
0.2708,0.5729,1,31,2,1,0,4,653.69
0.4236,0.5868,2,31,1,1,0,4,951.52
0.2708,0.5556,2,31,2,1,0,4,1115.32
0.3125,0.7604,2,31,2,1,0,4,1115.32
0.3854,0.7604,2,31,2,1,0,4,1115.32
0.9931,0.4306,2,31,2,1,1,4,1115.32
0.7292,0.7917,0,32,0,1,0,5,151.53
0.3125,0.7604,1,32,2,1,0,5,398.32
0.3403,0.7604,1,32,2,1,0,5,398.32
0.8125,0.4306,1,32,2,1,1,5,398.32
0.8507,0.4306,1,32,2,1,1,5,398.32
0.9931,0.4306,1,32,2,1,1,5,398.32
0.2708,0.5104,1,32,2,1,0,5,401.75
0.2708,0.5729,1,32,2,1,0,5,405.69
0.7222,0.5729,1,32,2,1,1,5,405.69
0.7674,0.5729,1,32,2,1,1,5,405.69
0.9931,0.5729,1,32,2,1,1,5,428.69
0.4757,0.7604,1,32,2,1,0,5,463.32
0.6181,0.9722,1,32,2,1,0,5,463.32
0.6181,0.9722,1,32,2,1,0,5,486.32
0.6181,0.9375,1,32,2,1,0,5,595.1
0.9931,0.5938,1,32,2,1,1,5,622.03
0.7222,0.5938,1,32,2,1,1,5,677.03
0.4757,0.8993,2,32,2,1,0,5,1123.03
0.7292,0.7917,0,33,0,1,0,6,102.53
0.7222,0.5556,1,33,2,1,1,6,398.32
0.8646,0.4306,1,33,2,1,1,6,398.32
0.9931,0.4306,1,33,2,1,1,6,398.32
0.3125,0.684,1,33,2,1,0,6,401.75
0.4757,0.684,1,33,2,1,0,6,401.75
0.2708,0.5729,1,33,2,1,0,6,405.69
0.6181,0.3264,1,33,2,1,1,6,416.01
0.6736,0.3264,1,33,2,1,1,6,416.01
0.4757,0.684,1,33,2,1,0,6,424.75
0.2708,0.5556,1,33,2,1,0,6,463.32
0.3125,0.7604,1,33,2,1,0,6,463.32
0.4757,0.7604,1,33,2,1,0,6,463.32
0.4757,0.7604,1,33,2,1,0,6,486.32
0.7292,0.8264,2,33,2,1,1,6,971.45
0.3438,0.6736,2,33,2,1,0,6,1068.17
0.2708,0.5556,2,33,2,1,0,6,1115.32
0.3125,0.7604,2,33,2,1,0,6,1115.32
0.4757,0.7604,2,33,2,1,0,6,1115.32
0.8646,0.4306,2,33,2,1,1,6,1115.32
0.9931,0.4306,2,33,2,1,1,6,1115.32
0.6736,0.3264,2,33,2,1,1,6,1133.01
0.3438,0.684,2,33,1,1,0,6,1257.86
0.0347,0.4896,2,33,2,1,0,6,1341.79
0.2708,0.5938,2,33,2,1,0,6,1352.01
0.3125,0.684,2,33,2,1,0,6,1508.75
0.4757,0.684,2,33,2,1,0,6,1508.75
0.2708,0.5729,2,33,2,1,0,6,1539.69
0.7292,0.7917,0,34,0,1,0,7,151.53
0.6181,0.9375,0,34,2,1,0,7,304.1
0.8646,0.5104,1,34,2,1,1,7,402.31
0.2708,0.5729,1,34,2,1,0,7,405.8
0.4757,0.7604,1,34,2,1,0,7,463.32
0.8056,0.4306,1,34,2,1,1,7,563.32
0.8438,0.4306,1,34,2,1,1,7,563.32
0.8646,0.4306,1,34,2,1,1,7,563.32
0.9931,0.4306,1,34,2,1,1,7,563.32
0.2708,0.684,1,34,2,1,0,7,567.31
0.4757,0.684,1,34,2,1,0,7,567.31
0.8646,0.5104,1,34,2,1,1,7,567.31
0.9931,0.5104,1,34,2,1,1,7,567.31
0.7222,0.5729,1,34,2,1,1,7,570.8
0.7639,0.5729,1,34,2,1,1,7,570.8
0.9931,0.5104,1,34,2,1,1,7,590.31
0.2708,0.7361,1,34,2,1,0,7,593.8
0.4236,0.7569,2,34,1,1,0,7,951.21
0.7292,0.9722,2,34,2,1,1,7,972.01
0.6181,0.8229,2,34,2,1,0,7,1072.91
0.7292,0.7917,0,35,0,1,0,1,178.53
0.6563,0.3264,1,35,2,1,1,1,481.01
0.6563,0.9722,1,35,2,1,0,1,563.32
0.7222,0.4306,1,35,2,1,1,1,563.32
0.7674,0.4306,1,35,2,1,1,1,563.32
0.8507,0.4306,1,35,2,1,1,1,563.32
0.9931,0.4306,1,35,2,1,1,1,563.32
0.2708,0.5104,1,35,2,1,0,1,567.31
0.9931,0.5104,1,35,2,1,1,1,590.31
0.3542,0.7604,1,35,2,1,0,1,646.32
0.7292,0.7917,0,36,0,1,0,2,126.53
0.3507,0.7604,1,36,2,1,0,2,398.32
0.4583,0.7604,1,36,2,1,0,2,398.32
0.7674,0.5556,1,36,2,1,1,2,398.32
0.8507,0.5556,1,36,2,1,1,2,398.32
0.2708,0.5104,1,36,2,1,0,2,402.31
0.8507,0.5104,1,36,2,1,1,2,402.31
0.9931,0.5104,1,36,2,1,1,2,402.31
0.6181,0.3264,1,36,2,1,1,2,416.01
0.4583,0.7604,1,36,2,1,0,2,421.32
0.9931,0.5556,1,36,2,1,1,2,463.32
0.9931,0.5104,1,36,2,1,1,2,567.31
0.3125,0.9236,1,36,2,1,0,2,570.8
0.2708,0.5556,1,36,2,1,0,2,623.32
0.4583,0.816,1,36,2,1,0,2,627.31
0.2708,0.8542,1,36,2,1,0,2,653.8
0.6181,0.8958,1,36,2,1,0,2,669.1
0.4236,0.9375,2,36,1,1,0,2,951.21
0.7292,0.9792,2,36,2,1,0,2,972.01
0.2708,1.0208,2,36,2,1,1,2,1115.32
0.4583,1.0625,2,36,2,1,1,2,1115.32
0.7292,1.1042,0,37,0,1,1,3,151.53
0.9931,1.1458,1,37,2,1,1,3,398.33
0.2708,1.1875,1,37,2,1,1,3,402.31
0.2708,1.2292,1,37,2,1,1,3,463.33
0.4757,1.2708,1,37,2,1,1,3,486.33
0.3576,1.3125,1,37,2,1,1,3,563.33
0.4757,1.3542,1,37,2,1,1,3,563.33
0.4236,1.3958,2,37,1,1,1,3,951.21
0.7292,1.4375,2,37,2,1,1,3,966.04
0.9931,1.4792,2,37,2,1,1,3,1072.91
0.3576,1.5208,2,37,2,1,0,3,1111.11
0.2708,1.5625,2,37,2,1,0,3,1115.33
0.4757,1.6042,2,37,2,1,0,3,1123.03
0.7292,1.6458,0,38,0,1,1,4,151.53
0.2708,1.6875,1,38,2,1,0,4,402.31
0.9931,1.7292,1,38,2,1,1,4,402.31
0.7674,1.7708,1,38,2,1,1,4,463.33
0.8507,1.8125,1,38,2,1,1,4,463.33
0.9931,1.8542,1,38,2,1,1,4,463.33
0.7222,1.8958,1,38,2,1,0,4,463.33
0.6181,1.9375,1,38,2,1,0,4,481.04
0.6181,1.9792,1,38,2,1,0,4,486.1
0.3854,2.0208,1,38,2,1,1,4,563.33
0.3125,2.0625,1,38,2,1,1,4,563.33
0.3854,2.1042,1,38,2,1,1,4,567.31
0.4236,2.1458,2,38,1,1,1,4,951.21
0.7292,2.1875,2,38,2,1,1,4,966.04
0.4236,2.2292,2,38,1,1,1,4,971.21
0.7292,2.2708,0,39,0,1,1,5,206.53
0.2708,2.3125,1,39,2,1,1,5,402.31
0.2708,2.3542,1,39,2,1,1,5,405.8
0.6181,2.3958,1,39,2,1,1,5,530.1
0.3403,2.4375,1,39,2,1,1,5,563.33
0.3125,2.4792,1,39,2,1,0,5,563.33
0.4757,2.5208,1,39,2,1,1,5,563.33
0.6181,2.5625,1,39,2,1,1,5,563.33
0.4236,2.6042,2,39,1,1,0,5,951.21
0.7292,2.6458,2,39,2,1,1,5,972.04
0.4236,2.6875,2,39,1,1,0,5,981.21
0.7292,0.8125,0,40,0,1,1,6,235.53
0.9931,2.7708,1,40,2,1,1,6,402.31
0.6736,2.8125,1,40,2,1,0,6,504.04
0.8646,2.8542,1,40,2,1,1,6,567.31
0.4757,2.8958,1,40,2,1,0,6,570.8
0.6181,2.9375,1,40,2,1,0,6,581.04
0.6736,2.9792,1,40,2,1,0,6,581.04
0.9931,3.0208,1,40,2,1,1,6,627.31
0.4236,3.0625,2,40,1,1,1,6,951.21
0.7292,3.1042,2,40,2,1,1,6,1071.21
0.9931,3.1458,2,40,2,1,1,6,1123.03
0.3438,3.1875,2,40,2,1,1,6,1156.73
0.3438,3.2292,2,40,1,1,1,6,1258.42
0.0347,3.2708,2,40,2,1,0,6,1341.8
0.6493,3.3125,2,40,1,1,1,6,1384.91
0.4236,3.3542,2,40,2,1,1,6,1452.59
0.9931,3.3958,2,40,2,1,1,6,1471.31
0.4757,3.4375,2,40,2,1,1,6,1577.8
0.7292,3.4792,0,41,0,0,1,7,235.53
0.2708,3.5208,1,41,2,0,0,7,402.31
0.8646,3.5625,1,41,2,0,1,7,402.31
0.9931,3.6042,1,41,2,0,1,7,402.31
0.7222,3.6458,1,41,2,0,1,7,405.8
0.7639,3.6875,1,41,2,0,1,7,405.8
0.8438,3.7292,1,41,2,0,1,7,566.33
0.8646,3.7708,1,41,2,0,1,7,677.03
0.3438,3.8125,1,41,2,0,0,7,773.33
0.4757,3.8542,1,41,2,0,0,7,773.33
0.3438,3.8958,2,41,2,0,0,7,1123.03
0.7292,3.9375,0,42,0,0,0,1,235.53
0.4757,3.9792,1,42,2,0,0,1,367.48
0.9931,4.0208,1,42,2,0,1,1,398.33
0.2708,4.0625,1,42,2,0,1,1,402.31
0.2708,4.1042,1,42,2,0,1,1,466.33
0.3542,4.1458,1,42,2,0,1,1,567.31
0.4757,4.1875,1,42,2,0,1,1,567.31
0.4757,4.2292,1,42,2,0,1,1,568.33
0.4757,4.2708,1,42,2,0,1,1,590.31
0.7292,4.3125,0,43,0,0,1,2,178.53
0.2708,4.3542,1,43,2,0,1,2,398.33
0.7222,4.3958,1,43,2,0,1,2,398.33
0.7674,4.4375,1,43,2,0,1,2,398.33
0.8507,4.4792,1,43,2,0,1,2,398.33
0.9931,4.5208,1,43,2,0,1,2,398.33
0.2708,4.5625,1,43,2,0,0,2,402.31
0.3507,4.6042,1,43,2,0,0,2,402.31
0.4583,4.6458,1,43,2,0,0,2,402.31
0.8507,4.6875,1,43,2,0,1,2,402.31
0.9931,4.7292,1,43,2,0,1,2,402.31
0.9931,4.7708,1,43,2,0,1,2,421.33
0.9931,4.8125,1,43,2,0,1,2,425.31
0.6181,4.8542,1,43,2,0,0,2,481.04
0.2708,4.8958,1,43,2,0,0,2,486.33
0.6181,4.9375,1,43,2,0,0,2,530.1
0.2708,4.9792,1,43,2,0,0,2,653.8
0.8507,5.0208,1,43,2,0,1,2,677.03
0.4236,5.0625,2,43,1,0,1,2,951.21
0.4236,5.1042,2,43,1,0,1,2,961.21
0.7292,5.1458,2,43,2,0,1,2,966.04
0.9931,5.1875,2,43,2,0,1,2,1111.11
0.2708,5.2292,2,43,2,0,1,2,1115.33
0.7674,5.2708,2,43,2,0,1,2,1115.33
0.8507,5.3125,2,43,2,0,1,2,1115.33
0.9757,5.3542,2,43,2,0,1,2,1115.33
0.6493,5.3958,2,43,2,0,1,2,1132.53
0.6181,5.4375,2,43,2,0,1,2,1133.04
0.7292,0.7917,0,48,0,0,0,5,80.53
0.6181,0.9375,0,48,2,0,0,5,220.1
0.7222,0.5938,1,48,2,0,1,5,350.03
0.3125,0.7535,1,48,2,0,0,5,388.49
0.3125,0.7604,1,48,2,0,0,5,398.32
0.8542,0.5556,1,48,2,0,1,5,398.32
0.2708,0.5104,1,48,2,0,0,5,402.31
0.2708,0.5729,1,48,2,0,0,5,405.8
0.8125,0.5729,1,48,2,0,1,5,405.8
0.6181,0.9722,1,48,2,0,0,5,421.32
0.4757,0.684,1,48,2,0,0,5,425.31
0.9931,0.5556,1,48,2,0,1,5,566.32
0.9931,0.816,2,48,2,0,1,5,1111.14
0.3438,0.5104,2,48,1,0,0,5,1258.42
0.6493,0.9271,2,48,1,0,0,5,1384.91
0.4757,0.7604,2,48,2,0,0,5,2224.32
0.7292,0.7917,0,53,0,0,0,3,80.53
0.9931,0.5938,1,53,2,0,1,3,350.03
0.3576,0.7535,1,53,2,0,0,3,367.49
0.2708,0.5556,1,53,2,0,0,3,398.32
0.8125,0.4306,1,53,2,0,1,3,398.32
0.3576,0.684,1,53,2,0,0,3,402.31
0.8125,0.5104,1,53,2,0,1,3,402.31
0.8542,0.4444,1,53,2,0,1,3,405.8
0.4757,0.9722,1,53,2,0,0,3,421.32
0.2708,0.5104,1,53,2,0,0,3,425.31
0.2708,0.5729,1,53,2,0,0,3,428.8
0.4236,0.5868,2,53,1,0,0,3,951.3
0.7292,0.9722,2,53,2,0,0,3,966.01
0.4236,0.8854,2,53,1,0,0,3,971.3
0.4236,0.7569,2,53,1,0,0,3,1001.3
0.3576,0.816,2,53,2,0,0,3,1111.14
0.2708,0.5556,2,53,2,0,0,3,1115.32
0.9931,0.4306,2,53,2,0,1,3,1115.32
0.3438,0.5104,2,53,1,0,0,3,1258.42
0.6493,0.9271,2,53,1,0,0,3,1384.91
0.2708,0.5556,2,53,2,0,0,3,2224.32
0.7292,0.7917,0,61,0,0,0,4,80.53
0.6181,0.9375,0,61,2,0,0,4,220.1
0.5243,0.8993,1,61,2,0,0,4,350.03
0.3854,0.7535,1,61,2,0,0,4,388.49
0.3854,0.7604,1,61,2,0,0,4,398.32
0.8542,0.5556,1,61,2,0,1,4,398.32
0.3125,0.684,1,61,2,0,0,4,402.31
0.9931,0.4444,1,61,2,0,1,4,405.8
0.2708,0.5556,1,61,2,0,0,4,421.32
0.3854,0.684,1,61,2,0,0,4,425.31
0.2708,0.5729,1,61,2,0,0,4,428.8
0.4236,0.5868,2,61,1,0,0,4,951.3
0.4236,0.7569,2,61,1,0,0,4,971.3
0.3854,0.7604,2,61,2,0,0,4,1115.32
0.9931,0.4306,2,61,2,0,1,4,1115.32
0.7292,0.7917,0,72,0,1,0,1,80.53
0.3542,0.8993,1,72,2,1,0,1,350.03
0.3542,0.7535,1,72,2,1,0,1,388.49
0.3125,0.7604,1,72,2,1,0,1,398.32
0.3542,0.684,1,72,2,1,0,1,402.31
0.3542,0.7604,1,72,2,1,0,1,421.32
0.4757,0.684,1,72,2,1,0,1,425.31
0.4757,0.7604,1,72,2,1,0,1,466.32
0.9931,0.4306,1,72,2,1,1,1,466.32
0.8542,0.4444,1,72,2,1,1,1,470.8
0.4757,0.7535,1,72,2,1,0,1,480.49
0.7292,0.7917,0,80,0,0,0,2,80.53
0.6181,0.9375,0,80,2,0,0,2,220.1
0.3507,0.7535,1,80,2,0,0,2,242.49
0.9931,0.5938,1,80,2,0,1,2,350.03
0.2708,0.5556,1,80,2,0,0,2,398.32
0.9931,0.4306,1,80,2,0,1,2,398.32
0.4583,0.684,1,80,2,0,0,2,402.31
0.9931,0.5104,1,80,2,0,1,2,402.31
0.8542,0.4444,1,80,2,0,1,2,405.8
0.6181,0.3264,1,80,2,0,1,2,416.01
0.9931,0.4306,1,80,2,0,1,2,421.32
0.2708,0.5104,1,80,2,0,0,2,425.31
0.2708,0.5729,1,80,2,0,0,2,428.8
0.4236,0.5868,2,80,1,0,0,2,951.3
0.7292,0.3264,2,80,2,0,1,2,966.01
0.4236,0.7569,2,80,1,0,0,2,971.3
0.9931,0.816,2,80,2,0,1,2,1111.14
0.2708,0.5556,2,80,2,0,0,2,1115.32
0.8542,0.4306,2,80,2,0,1,2,1115.32
0.6493,0.3264,2,80,2,0,1,2,1132.5
0.6181,0.3264,2,80,2,0,1,2,1133.01
0.3438,0.5104,2,80,1,0,0,2,1258.42
0.6493,0.9236,2,80,1,0,0,2,1384.91
0.2708,0.5556,2,80,2,0,0,2,2224.32
0.7292,0.7917,0,86,0,0,0,1,61.53
0.9931,0.5938,1,86,2,0,1,1,350.03
0.3542,0.7604,1,86,2,0,0,1,398.32
0.4757,0.684,1,86,2,0,0,1,402.31
0.7674,0.5104,1,86,2,0,1,1,402.31
0.8542,0.4444,1,86,2,0,1,1,405.8
0.2708,0.5556,1,86,2,0,0,1,421.32
0.4757,0.684,1,86,2,0,0,1,425.31
0.7292,0.7917,0,92,0,0,0,7,102.53
0.6181,0.9375,0,92,2,0,0,7,220.1
0.9931,0.5938,1,92,2,0,1,7,350.03
0.3438,0.7604,1,92,2,0,0,7,398.32
0.8056,0.4306,1,92,2,0,1,7,398.32
0.3438,0.6771,1,92,2,0,0,7,402.31
0.8542,0.5104,1,92,2,0,1,7,402.31
0.2708,0.5729,1,92,2,0,0,7,405.8
0.8681,0.4444,1,92,2,0,1,7,405.8
0.6181,0.9722,1,92,2,0,0,7,421.32
0.4757,0.684,1,92,2,0,0,7,425.31
0.8681,0.4306,1,92,2,0,1,7,463.32
0.8646,0.6979,0,98,0,1,1,6,79.42
0.5833,0.6979,0,98,2,1,1,6,82.72
0.8646,0.6979,0,98,1,1,1,6,94.42
0.3438,0.6979,0,98,2,1,1,6,113.72
0.7292,0.7917,0,98,0,1,0,6,151.53
0.7222,0.4271,1,98,2,1,1,6,213.11
0.9097,0.6979,1,98,2,1,1,6,240.75
0.9097,0.6979,1,98,2,1,1,6,365.75
0.3125,0.7604,1,98,2,1,0,6,398.32
0.8646,0.4306,1,98,2,1,1,6,398.32
0.4757,0.684,1,98,2,1,0,6,402.31
0.3125,0.7396,1,98,2,1,0,6,405.8
0.9931,0.4167,1,98,2,1,1,6,405.8
0.6736,0.3229,1,98,2,1,1,6,416.01
0.4757,0.7604,1,98,2,1,0,6,421.32
0.4757,0.684,1,98,2,1,0,6,425.31
0.2708,0.5729,1,98,2,1,0,6,428.8
0.4757,0.4306,1,98,2,1,1,6,579.35
0.9931,0.9028,1,98,2,1,1,6,627.03
0.8646,0.4375,1,98,2,1,1,6,755.1
0.3125,0.816,2,98,2,1,0,6,1111.14
0.7292,0.7917,0,109,0,0,0,3,61.53
0.6146,0.934,0,109,2,0,0,3,219.38
0.8715,0.5868,1,109,2,0,1,3,350.03
0.4306,0.7569,1,109,2,0,0,3,367.49
0.5035,0.7604,1,109,2,0,0,3,398.32
0.3472,0.684,1,109,2,0,0,3,402.31
0.2708,0.566,1,109,2,0,0,3,405.8
0.3472,0.8368,2,109,2,0,0,3,1111.14
0.7292,0.7917,0,117,0,0,0,4,61.53
0.4306,0.4479,0,117,1,0,1,4,129.42
0.7257,0.4479,0,117,1,0,1,4,149.42
0.7431,0.4479,0,117,2,0,1,4,175.72
0.6146,0.934,0,117,2,0,0,4,339.38
0.8924,0.4479,1,117,2,0,1,4,365.75
0.3472,0.7569,1,117,2,0,0,4,388.49
0.6146,0.9757,1,117,2,0,0,4,398.32
0.4306,0.684,1,117,2,0,0,4,402.31
0.6146,0.9549,1,117,2,0,0,4,405.8
0.8715,0.4167,1,117,2,0,1,4,405.8
0.5035,0.7604,1,117,2,0,0,4,421.32
0.4306,0.684,1,117,2,0,0,4,425.31
0.5035,0.9028,1,117,2,0,0,4,578.03
0.6146,0.4306,1,117,2,0,1,4,628.35
0.309,0.4479,0,125,1,1,0,5,129.42
0.2708,0.4479,0,125,1,1,0,5,149.42
0.9688,0.8021,0,125,2,1,1,5,298.01
0.7431,0.8021,0,125,1,1,1,5,311.83
0.6146,0.934,0,125,2,1,0,5,381.38
0.309,0.7569,1,125,2,1,0,5,388.49
0.5035,0.7604,1,125,2,1,0,5,398.32
0.9688,0.4306,1,125,2,1,1,5,398.32
0.3472,0.684,1,125,2,1,0,5,402.31
0.7257,0.3715,1,125,2,1,0,5,405.42
0.2708,0.566,1,125,2,1,0,5,405.8
0.9688,0.4167,1,125,2,1,1,5,405.8
0.5035,0.7604,1,125,2,1,0,5,421.32
0.4306,0.684,1,125,2,1,0,5,425.31
0.5035,0.7604,1,125,2,1,0,5,463.32
0.5035,0.9028,2,125,2,1,0,5,1020.03
0.7292,0.7917,0,133,0,0,0,6,102.53
0.8056,0.6979,0,133,1,0,1,6,129.42
0.2639,0.8021,0,133,1,0,0,6,131.83
0.7431,0.6979,0,133,2,0,1,6,132.72
0.3472,0.8021,0,133,2,0,0,6,137.01
0.6146,0.6979,0,133,1,0,1,6,149.42
0.4306,0.8021,0,133,2,0,0,6,157.01
0.5035,0.8021,0,133,2,0,0,6,180.01
0.6146,0.934,0,133,2,0,0,6,303.38
0.8924,0.6979,1,133,2,0,1,6,315.75
0.7257,0.4375,0,133,2,0,1,6,339.38
0.4306,0.7604,1,133,2,0,0,6,398.32
0.8056,0.4306,1,133,2,0,1,6,398.32
0.7257,0.3715,1,133,2,0,1,6,405.42
0.6146,0.3264,1,133,2,0,1,6,411.03
0.2708,0.5556,1,133,2,0,0,6,421.32
0.8924,0.6979,1,133,2,0,1,6,460.75
0.4306,0.684,1,133,2,0,0,6,567.31
0.4306,0.684,1,133,2,0,0,6,590.31
0.7257,0.4306,1,133,2,0,0,6,627.03
0.7292,0.7917,0,76,0,0,0,7,102.3
0.5035,0.6979,0,76,1,0,0,7,148.92
0.309,0.6979,0,76,1,0,0,7,196.92
0.9792,0.7604,1,76,2,0,0,7,379.03
0.5035,0.7604,1,76,2,0,0,7,492.44
0.4306,0.691,1,76,2,0,0,7,631.31
0.4236,0.6181,2,76,1,0,0,7,892.8
0.7257,0.8368,2,76,1,0,0,7,1311.92
0.6458,0.809,2,76,1,0,0,7,1345.41
0.7292,0.7917,0,78,0,0,0,3,80.03
0.3472,0.4306,1,78,2,0,1,3,348.35
0.4306,0.691,1,78,2,0,0,3,491.31
0.3472,0.7604,1,78,2,0,0,3,492.43
0.3472,0.8993,1,78,2,0,0,3,575.03
0.4236,0.6181,2,78,1,0,0,3,892.8
0.3472,0.8368,2,78,2,0,0,3,971.07
0.7257,0.8368,2,78,1,0,0,3,1311.92
0.6458,0.809,2,78,1,0,0,3,1345.41
0.7292,0.7917,0,79,0,0,0,4,80.03
0.9792,0.4479,0,79,2,0,1,4,109.92
0.5035,0.4479,0,79,1,0,1,4,148.92
0.5868,0.4479,0,79,2,0,1,4,149.22
0.5868,0.4479,0,79,2,0,1,4,172.22
0.309,0.8993,1,79,2,0,0,4,347.03
0.4306,0.691,1,79,2,0,0,4,491.31
0.309,0.7604,1,79,2,0,0,4,492.43
0.4236,0.6181,2,79,1,0,0,4,892.8
0.3333,0.5174,2,79,1,0,0,4,1311.92
0.6458,0.809,2,79,1,0,0,4,1345.41
0.7431,0.8021,0,80,1,0,1,5,131.33
0.9792,0.8021,0,80,2,0,1,5,133.51
0.2708,0.4479,0,80,1,0,0,5,148.92
0.4306,0.8021,0,80,2,0,1,5,153.51
0.9792,0.5868,1,80,2,0,1,5,379.03
0.5035,0.7604,1,80,2,0,0,5,492.43
0.4306,0.691,1,80,2,0,0,5,631.31
0.4236,0.5868,2,80,1,0,0,5,892.8
0.9792,0.8368,2,80,2,0,1,5,971.07
0.7257,0.9444,2,80,2,0,0,5,1008.35
0.7257,0.8368,2,80,1,0,0,5,1311.92
0.6458,0.809,2,80,1,0,0,5,1345.41
0.3333,0.566,2,80,2,0,0,5,1373.3
0.434,0.7604,2,80,1,0,0,5,1701.64
0.7292,0.7917,0,82,0,0,0,6,46.03
0.7257,0.6979,0,82,1,0,1,6,109.92
0.2639,0.8021,0,82,1,0,0,6,131.33
0.8056,0.6979,0,82,1,0,1,6,148.92
0.7431,0.6979,0,82,2,0,1,6,149.22
0.3472,0.8021,0,82,2,0,0,6,153.51
0.2639,0.6979,1,82,2,0,1,6,207.22
0.4236,0.6181,2,82,1,0,0,6,892.8
0.7257,0.8368,2,82,1,0,0,6,1311.92
0.7292,0.7917,0,83,0,0,0,7,46.03
0.309,0.6979,0,83,1,0,0,7,109.92
0.4306,0.6979,0,83,1,0,0,7,148.92
0.309,0.7604,1,83,2,0,0,7,492.43
0.9792,0.5868,1,83,2,0,1,7,575.03
0.4306,0.691,1,83,2,0,0,7,631.31
0.7292,0.7917,0,84,0,0,0,1,46.03
0.8056,0.9479,0,84,1,0,1,1,93.92
0.5868,0.4479,0,84,2,0,1,1,94.22
0.8715,0.4479,0,84,1,0,1,1,109.92
0.7431,0.4479,0,84,2,0,1,1,129.22
0.6146,0.4479,0,84,1,0,1,1,171.92
0.7431,0.4479,0,84,2,0,1,1,172.22
0.3472,0.4479,0,84,1,0,1,1,196.92
0.4306,0.691,1,84,2,0,0,1,491.31
0.5035,0.7604,1,84,2,0,0,1,492.43
0.5035,0.8993,1,84,2,0,0,1,624.03
0.4236,0.6181,2,84,1,0,0,1,892.8
0.3333,0.5174,2,84,1,0,0,1,1311.92
0.6458,0.809,2,84,1,0,0,1,1345.41
0.2708,0.4479,0,85,1,0,0,2,171.92
0.6146,0.4306,1,85,2,0,1,2,348.35
0.5035,0.7604,1,85,2,0,0,2,492.43
0.5035,0.8993,1,85,2,0,0,2,624.03
0.4236,0.6181,2,85,1,0,0,2,892.8
0.8715,0.8368,2,85,2,0,1,2,971.07
0.7257,0.8368,2,85,1,0,0,2,1311.92
0.6458,0.809,2,85,1,0,0,2,1345.41
0.7292,0.7917,0,87,0,0,0,4,46.03
0.9792,0.4479,0,87,1,0,1,4,128.92
0.5868,0.4479,0,87,2,0,1,4,129.22
0.8056,0.4479,0,87,1,0,1,4,148.92
0.7431,0.4479,0,87,2,0,1,4,149.22
0.6146,0.4479,0,87,1,0,1,4,171.92
0.5035,0.8993,1,87,2,0,0,4,347.03
0.4306,0.691,1,87,2,0,0,4,491.31
0.5035,0.7604,1,87,2,0,0,4,492.43
0.4236,0.6181,2,87,1,0,0,4,892.8
0.3333,0.5174,2,87,1,0,0,4,1311.92
0.6458,0.809,2,87,1,0,0,4,1345.41
0.309,0.4479,0,88,1,0,0,5,128.92
0.7431,0.8021,0,88,1,0,1,5,131.33
0.2708,0.4479,0,88,1,0,0,5,148.92
0.4306,0.8021,0,88,2,0,1,5,153.51
0.9792,0.5868,0,88,2,0,1,5,347.03
0.5035,0.8993,1,88,2,0,0,5,379.03
0.4306,0.691,1,88,2,0,0,5,491.31
0.5035,0.7604,1,88,2,0,0,5,492.44
0.4236,0.6181,2,88,1,0,0,5,892.8
0.7257,0.9444,2,88,2,0,0,5,948.35
0.9792,0.8368,2,88,2,0,0,5,971.06
0.3333,0.5174,2,88,1,0,0,5,1311.92
0.6458,0.809,2,88,1,0,0,5,1345.41
0.7257,0.9479,2,88,2,0,0,5,1373.3
0.434,0.7604,2,88,1,0,0,5,1701.64
0.7292,0.7917,0,89,0,0,0,6,46.03
0.2639,0.8021,0,89,1,0,0,6,131.33
0.6146,0.6979,0,89,1,0,1,6,148.92
0.7431,0.6979,0,89,2,0,1,6,149.22
0.3472,0.8021,0,89,2,0,0,6,153.51
0.8056,0.6979,0,89,1,0,1,6,171.92
0.8715,0.7604,0,89,2,0,1,6,347.03
0.4306,0.691,1,89,2,0,0,6,491.31
0.5035,0.7604,1,89,2,0,0,6,492.43
0.4236,0.6181,2,89,1,0,0,6,892.8
0.7257,0.8368,2,89,1,0,0,6,1311.92
0.7292,0.7917,0,90,0,0,0,7,80.03
0.4306,0.6979,0,90,1,0,0,7,148.92
0.309,0.6979,0,90,1,0,0,7,196.92
0.309,0.8993,1,90,2,0,0,7,379.03
0.4306,0.691,1,90,2,0,0,7,491.31
0.309,0.7604,1,90,2,0,0,7,492.43
0.4236,0.6181,2,90,1,0,0,7,892.8
0.3333,0.5174,2,90,1,0,0,7,1311.92
0.6458,0.809,2,90,1,0,0,7,1345.41
0.7292,0.7917,0,91,0,0,0,1,46.03
0.8715,0.4479,0,91,1,0,1,1,93.92
0.7257,0.4479,0,91,1,0,1,1,109.92
0.5868,0.4479,0,91,2,0,1,1,110.22
0.5035,0.4479,0,91,1,0,1,1,128.92
0.7431,0.4479,0,91,2,0,1,1,149.22
0.6146,0.4479,1,91,1,0,1,1,183.92
0.7431,0.4479,1,91,2,0,1,1,184.22
0.5035,0.8993,1,91,2,0,0,1,347.03
0.4306,0.691,1,91,2,0,0,1,491.31
0.5035,0.7604,1,91,2,0,0,1,492.43
0.4236,0.6181,2,91,1,0,0,1,892.8
0.3333,0.5174,2,91,1,0,0,1,1311.92
0.6458,0.809,2,91,1,0,0,1,1345.41
0.2708,0.4479,0,92,1,0,0,2,128.92
0.309,0.4479,0,92,1,0,0,2,148.92
0.7257,0.7604,1,92,2,0,1,2,347.03
0.8715,0.375,1,92,2,0,1,2,491.31
0.4306,0.7604,1,92,2,0,0,2,492.43
0.4236,0.6181,2,92,1,0,0,2,892.8
0.8715,0.8368,2,92,2,0,1,2,971.07
0.7257,0.8368,2,92,1,0,0,2,1311.92
0.7292,0.7917,0,93,0,0,0,3,46.03
0.4306,0.691,1,93,2,0,0,3,491.31
0.5035,0.7604,1,93,2,0,0,3,552.43
0.4236,0.6181,2,93,1,0,0,3,892.8
0.3472,0.8368,2,93,2,0,0,3,971.07
0.3333,0.5174,2,93,1,0,0,3,1311.92
0.7292,0.7917,0,94,0,0,0,4,46.03
0.5035,0.4479,0,94,1,0,1,4,109.92
0.7431,0.4479,0,94,2,0,1,4,129.22
0.3472,0.4479,0,94,1,0,1,4,148.92
0.8056,0.4479,0,94,1,0,1,4,171.92
0.7431,0.4479,0,94,2,0,1,4,172.22
0.9792,0.5868,1,94,2,0,1,4,379.03
0.5035,0.7604,1,94,2,0,0,4,492.43
0.5035,0.8993,1,94,2,0,0,4,624.03
0.4306,0.691,1,94,2,0,0,4,631.31
0.4236,0.6181,2,94,1,0,0,4,892.8
0.3333,0.5174,2,94,1,0,0,4,1311.92
0.6458,0.809,2,94,1,0,0,4,1345.41
0.7292,0.7917,0,96,0,0,0,6,46.03
0.7431,0.6979,0,96,2,0,1,6,110.22
0.2639,0.8021,0,96,1,0,0,6,111.33
0.2639,0.6979,0,96,2,0,1,6,127.22
0.8056,0.6979,0,96,1,0,1,6,171.92
0.8715,0.7604,1,96,2,0,1,6,347.03
0.4306,0.691,1,96,2,0,0,6,491.31
0.4306,0.7604,1,96,2,0,0,6,492.43
0.4236,0.6181,2,96,1,0,0,6,892.8
0.7257,0.8368,2,96,1,0,0,6,1311.92
0.7292,0.7917,1,96,0,0,0,7,46.03
0.2639,0.6979,0,97,2,0,0,7,110.22
0.2639,0.6979,0,97,2,0,0,7,149.22
0.309,0.6979,0,97,1,0,0,7,171.92
0.309,0.7604,0,97,2,0,0,7,492.43
0.309,0.8993,1,97,2,0,0,7,575.03
0.4306,0.691,1,97,2,0,0,7,631.31
0.4236,0.6181,2,97,1,0,0,7,892.8
0.3333,0.5174,2,97,1,0,0,7,1311.92
0.6458,0.809,2,97,1,0,0,7,1345.41
0.7292,0.7917,0,98,0,0,0,1,46.03
0.7257,0.4479,0,98,1,0,1,1,171.92
0.7431,0.4479,0,98,2,0,1,1,172.22
0.5035,0.8993,1,98,2,0,0,1,347.03
0.5035,0.7604,1,98,2,0,0,1,492.43
0.4306,0.691,1,98,2,0,0,1,631.31
0.4236,0.6181,2,98,1,0,0,1,892.8
0.3333,0.5174,2,98,1,0,0,1,1311.92
0.309,0.4479,0,99,1,0,0,2,171.92
0.4306,0.8993,1,99,2,0,0,2,347.03
0.8715,0.375,1,99,2,0,1,2,491.31
0.5035,0.7604,1,99,2,0,0,2,492.43
0.4236,0.6181,2,99,1,0,0,2,892.8
0.8715,0.8368,2,99,2,0,1,2,971.07
0.3333,0.5174,2,99,1,0,0,2,1311.92
0.7292,0.7917,0,100,0,0,0,3,46.03
0.7431,0.4479,0,100,2,0,1,3,172.22
0.7431,0.4479,0,100,2,0,1,3,197.22
0.5035,0.7604,1,100,2,0,0,3,552.43
0.4236,0.6181,2,100,1,0,0,3,892.8
0.3472,0.8368,2,100,2,0,0,3,971.07
0.3333,0.5174,2,100,1,0,0,3,1311.92
0.7292,0.7917,0,101,0,0,0,4,46.03
0.5035,0.4479,0,101,1,0,1,4,109.92
0.2639,0.4479,0,101,2,0,1,4,110.22
0.3472,0.4479,0,101,1,0,1,4,171.92
0.2639,0.4479,0,101,2,0,1,4,172.22
0.2639,0.4479,0,101,2,0,1,4,197.22
0.5035,0.8993,1,101,2,0,0,4,347.03
0.9792,0.5868,1,101,2,0,1,4,379.03
0.4306,0.691,1,101,2,0,0,4,491.31
0.4201,0.7604,1,101,2,0,0,4,492.43
0.4236,0.6181,2,101,1,0,0,4,892.8
0.3333,0.5174,2,101,1,0,0,4,1311.92
0.6458,0.809,2,101,1,0,0,4,1345.41
0.7292,0.7917,0,103,0,0,0,6,46.03
0.2639,0.8021,0,103,1,0,0,6,154.33
0.5035,0.8021,0,103,2,0,0,6,176.51
0.7257,0.4306,1,103,2,0,1,6,379.03
0.7257,0.4306,1,103,2,0,1,6,492.43
0.2708,0.5556,1,103,2,0,0,6,552.43
0.8056,0.5868,1,103,2,0,1,6,575.03
0.4306,0.691,1,103,2,0,0,6,631.31
0.4236,0.6181,2,103,1,0,0,6,892.8
0.7257,0.8368,2,103,1,0,0,6,1311.92
0.7292,0.7917,0,104,0,0,0,7,126.03
0.2639,0.6979,0,104,2,0,0,7,197.22
0.5035,0.6979,0,104,1,0,0,7,289.92
0.9792,0.5868,1,104,2,0,1,7,379.03
0.309,0.7604,1,104,2,0,0,7,492.43
0.309,0.8993,1,104,2,0,0,7,679.03
0.4236,0.6181,2,104,1,0,0,7,892.8
0.3333,0.5174,2,104,1,0,0,7,1311.92
0.6458,0.809,2,104,1,0,0,7,1345.41
0.7292,0.7917,0,105,0,0,0,1,46.03
0.7431,0.375,0,105,1,0,1,1,111.33
0.8056,0.375,0,105,2,0,1,1,114.51
0.8715,0.4479,0,105,1,0,1,1,171.92
0.6146,0.4479,0,105,1,0,1,1,196.92
0.7431,0.4479,0,105,2,0,1,1,197.22
0.5035,0.8993,1,105,2,0,0,1,347.03
0.7257,0.5868,1,105,2,0,1,1,379.03
0.4306,0.691,1,105,2,0,0,1,491.31
0.5035,0.9757,1,105,2,0,0,1,492.43
0.4236,0.6181,2,105,1,0,0,1,892.8
0.3333,0.5174,2,105,1,0,0,1,1311.92
0.6458,0.809,2,105,1,0,0,1,1345.41
0.2708,0.4479,0,106,1,0,0,2,128.92
0.309,0.4479,0,106,1,0,0,2,171.92
0.2708,0.4479,0,106,1,0,0,2,196.92
0.3472,0.7604,1,106,2,0,0,2,347.03
0.5035,0.7604,1,106,2,0,0,2,492.43
0.4236,0.6181,2,106,1,0,0,2,892.8
0.8715,0.8368,2,106,2,0,1,2,971.07
0.3333,0.5174,2,106,1,0,0,2,1311.92
0.6458,0.809,2,106,1,0,0,2,1345.41
0.7292,0.7917,0,107,0,0,0,3,46.03
0.7257,0.5868,1,107,2,0,1,3,347.03
0.3472,0.7604,1,107,2,0,0,3,492.43
0.4306,0.691,1,107,2,0,0,3,631.31
0.4236,0.6181,2,107,1,0,0,3,892.8
0.3472,0.8368,2,107,2,0,0,3,971.07
0.8333,0.5174,2,107,1,0,0,3,1311.92
0.6458,0.809,2,107,1,0,0,3,1345.41
0.7292,0.7917,0,108,0,0,0,4,46.03
0.5035,0.4479,0,108,1,0,1,4,109.92
0.5868,0.4479,0,108,2,0,1,4,129.22
0.6146,0.4479,0,108,1,0,1,4,148.92
0.7431,0.4479,0,108,2,0,1,4,149.22
0.5035,0.8993,1,108,2,0,0,4,347.03
0.5035,0.9757,1,108,2,0,0,4,492.43
0.4236,0.6181,2,108,1,0,0,4,892.8
0.3333,0.5174,2,108,1,0,0,4,1311.92
0.6458,0.809,2,108,1,0,0,4,1345.41
0.2708,0.4479,0,109,1,0,0,5,148.92
0.4306,0.8021,0,109,2,0,1,5,153.51
0.7431,0.8021,0,109,1,0,1,5,154.33
0.9792,0.8021,0,109,2,0,1,5,176.51
0.3472,0.7604,1,109,2,0,0,5,347.03
0.4306,0.691,1,109,2,0,0,5,491.31
0.5035,0.7604,1,109,2,0,0,5,492.43
0.4236,0.6181,2,109,1,0,0,5,892.8
0.3333,0.5174,2,109,1,0,0,5,1311.92
0.6458,0.809,2,109,1,0,0,5,1345.41
0.434,0.7604,2,109,1,0,0,5,1701.64
0.7292,0.7917,0,110,0,0,0,6,46.03
0.6146,0.6979,0,110,1,0,1,6,148.92
0.2639,0.8021,0,110,1,0,0,6,154.33
0.2639,0.6979,0,110,2,0,1,6,172.22
0.5035,0.8021,0,110,2,0,0,6,176.51
0.7257,0.4306,1,110,2,0,1,6,347.03
0.3472,0.7604,1,110,2,0,0,6,379.03
0.5035,0.7604,1,110,2,0,0,6,492.43
0.4306,0.691,1,110,2,0,0,6,631.31
0.4236,0.6181,2,110,1,0,0,6,892.8
0.7257,0.9444,2,110,2,0,0,6,948.35
0.5035,0.7604,2,110,2,0,0,6,962.43
0.3333,0.5938,2,110,2,0,0,6,1028.35
0.7257,0.8368,2,110,1,0,0,6,1311.92
0.3333,0.5625,2,110,2,0,0,6,1373.3
0.5035,0.7604,2,110,2,0,0,6,2168.93
0.5035,0.7604,2,110,2,0,0,6,2229.43
0.7292,0.7917,0,111,0,0,0,7,102.3
0.309,0.6979,0,111,1,0,0,7,148.92
0.9792,0.375,0,111,2,0,1,7,153.51
0.2639,0.6979,0,111,2,0,0,7,172.22
0.9792,0.375,0,111,2,0,1,7,176.51
0.5035,0.7604,1,111,2,0,0,7,492.44
0.309,0.7604,1,111,2,0,0,7,575.03
0.5035,0.8993,1,111,2,0,0,7,624.03
0.4236,0.6181,2,111,1,0,0,7,892.8
0.7257,0.8368,2,111,1,0,0,7,1311.92
0.6458,0.809,2,111,1,0,0,7,1345.41
0.309,0.4479,0,114,1,0,0,2,148.92
0.6146,0.4306,1,114,2,0,1,2,348.35
0.5035,0.7604,1,114,2,0,0,2,492.43
0.5035,0.8993,1,114,2,0,0,2,575.03
0.4236,0.6181,2,114,1,0,0,2,892.8
0.7257,0.8368,2,114,1,0,0,2,1311.41
0.6458,0.809,2,114,1,0,0,2,1345.41
0.4236,0.5556,2,114,1,0,1,2,1893.72
0.7292,0.7917,0,115,0,0,0,3,80.03
0.3472,0.7604,1,115,2,0,0,3,492.43
0.3472,0.7604,1,115,2,0,0,3,575.03
0.4306,0.691,1,115,2,0,0,3,631.31
0.4236,0.6181,2,115,1,0,0,3,892.8
0.7257,0.8368,2,115,1,0,0,3,1311.41
0.6458,0.809,2,115,1,0,0,3,1345.41
0.7292,0.7917,0,116,0,0,0,4,80.03
0.5035,0.4479,0,116,1,0,1,4,109.92
0.5868,0.4479,0,116,2,0,1,4,110.22
0.7431,0.4479,0,116,2,0,1,4,171.92
0.8056,0.4479,0,116,1,0,1,4,172.22
0.5035,0.7604,0,116,2,0,0,4,492.43
0.5035,0.8993,1,116,2,0,0,4,575.03
0.4236,0.6181,2,116,1,0,0,4,892.8
0.7257,0.8368,2,116,1,0,0,4,1311.92
0.6458,0.809,2,116,1,0,0,4,1345.41
0.7431,0.8021,0,117,1,0,1,5,154.33
0.2708,0.4479,0,117,1,0,0,5,171.92
0.9792,0.8021,0,117,2,0,0,5,176.51
0.9792,0.7604,1,117,2,0,0,5,347.03
0.5035,0.7604,1,117,2,0,0,5,492.43
0.5035,0.8993,1,117,2,0,0,5,575.03
0.4306,0.691,1,117,2,0,0,5,631.31
0.4236,0.6181,2,117,1,0,0,5,892.8
0.3333,0.691,2,117,1,0,0,5,1311.41
0.6458,0.809,2,117,1,0,0,5,1345.41
0.7431,0.6979,0,118,2,0,0,6,149.22
0.7292,0.7917,0,118,0,0,0,6,206.03
0.2639,0.8021,0,118,1,0,0,6,207.33
0.6146,0.6979,0,118,1,0,1,6,224.92
0.5035,0.7604,1,118,2,0,0,6,492.43
0.3472,0.7604,1,118,2,0,0,6,575.03
0.4236,0.6181,2,118,1,0,0,6,892.8
0.7257,0.8368,2,118,1,0,0,6,1311.92
0.2639,0.6979,0,119,2,0,0,7,149.22
0.7292,0.7917,0,119,0,0,0,7,206.03
0.2708,0.6979,0,119,1,0,0,7,224.92
0.309,0.7604,1,119,2,0,0,7,379.03
0.309,0.7604,1,119,2,0,0,7,492.43
0.4306,0.691,1,119,2,0,0,7,631.31
0.4236,0.6181,2,119,1,0,0,7,892.8
0.7257,0.8368,2,119,1,0,0,7,1311.92
0.6458,0.809,2,119,1,0,0,7,1345.41
0.8056,0.4479,0,120,1,0,0,1,148.92
0.7431,0.4479,0,120,2,0,0,1,149.22
0.7431,0.375,0,120,1,0,0,1,154.33
0.5035,0.375,0,120,2,0,0,1,176.51
0.2639,0.375,0,120,1,0,1,1,179.33
0.2708,0.375,0,120,2,0,1,1,201.51
0.7292,0.7917,0,120,0,0,0,1,206.03
0.4306,0.691,1,120,2,0,0,1,491.31
0.5035,0.7604,1,120,2,0,0,1,492.43
0.5035,0.8993,1,120,2,0,0,1,624.03
0.4236,0.6181,2,120,1,0,0,1,892.8
0.7257,0.8333,2,120,1,0,0,1,1311.92
0.6458,0.809,2,120,1,0,0,1,1345.41
0.7292,0.7917,0,121,0,0,0,3,178.03
0.8056,0.691,1,121,2,0,0,3,491.31
0.5035,0.7604,1,121,2,0,0,3,552.43
0.4236,0.6181,2,121,1,0,0,3,892.8
0.7257,0.8368,2,121,1,0,0,3,1311.92
0.6458,0.809,2,121,1,0,0,3,1345.41
0.8715,0.4479,0,122,1,0,0,4,196.92
0.7431,0.4479,0,122,2,0,0,4,197.22
0.7292,0.7917,0,122,0,0,0,4,206.03
0.5035,0.4306,1,122,2,0,0,4,380.35
0.5035,0.9757,1,122,2,0,0,4,492.43
0.5035,0.8993,1,122,2,0,0,4,624.03
0.4236,0.6181,1,122,2,0,0,4,624.03
0.4236,0.6181,2,122,1,0,0,4,892.8
0.5035,0.8993,2,122,2,0,0,4,1311.92
0.309,0.4479,0,123,1,0,0,5,289.92
0.2708,0.4479,0,123,1,0,0,5,328.92
0.5035,0.9757,1,123,2,0,0,5,492.44
0.5035,0.7604,1,123,2,0,0,5,552.44
0.9792,0.375,1,123,2,0,1,5,631.31
0.5035,0.8993,1,123,2,0,0,5,679.03
0.4306,0.691,1,123,2,0,0,5,723.81
0.4236,0.6181,2,123,1,0,0,5,892.8
0.7257,0.9444,2,123,2,0,0,5,948.35
0.3333,0.5938,2,123,2,0,0,5,953.35
0.3333,0.691,2,123,1,0,0,5,1311.92
0.6458,0.9479,2,123,1,0,0,5,1345.41
0.7257,0.9479,2,123,2,0,0,5,1373.3
0.4306,0.691,2,123,2,0,0,5,1650.81
0.434,0.7604,2,123,2,0,0,5,1701.64
0.5035,0.7604,2,123,2,0,0,5,2168.94
0.5035,0.7604,2,123,2,0,0,5,2229.44
0.7292,0.7917,0,125,0,0,0,6,235.03
0.8056,0.6979,0,125,1,0,1,6,328.92
0.5868,0.6979,0,125,2,0,1,6,329.22
0.5035,0.7604,1,125,2,0,0,6,492.43
0.4236,0.6181,2,125,2,0,0,6,892.8
0.7257,0.8368,2,125,1,0,0,6,1388.92
0.7292,0.7917,0,126,0,0,0,7,206.03
0.5035,0.6979,0,126,1,0,0,7,328.92
0.2639,0.6979,0,126,2,0,0,7,329.22
0.4306,0.6979,0,126,1,0,0,7,370.92
0.9792,0.4306,1,126,2,0,0,7,492.43
0.6146,0.9757,1,126,2,0,0,7,552.43
0.9792,0.7604,1,126,2,0,0,7,575.03
0.309,0.8993,1,126,2,0,0,7,679.03
0.4236,0.6181,2,126,1,0,0,7,892.8
0.3333,0.5174,2,126,1,0,0,7,1311.41
0.6458,0.809,2,126,1,0,0,7,1345.41
0.7257,0.8368,2,126,1,0,0,7,1388.92
0.2639,0.4479,0,127,2,0,1,1,110.22
0.2639,0.375,0,127,1,0,1,1,111.33
0.4306,0.4479,0,127,1,0,0,1,148.92
0.7292,0.7917,0,127,0,0,0,1,151.03
0.2708,0.375,0,127,2,0,1,1,153.51
0.2708,0.375,0,127,2,0,1,1,176.51
0.5035,0.8993,1,127,2,0,0,1,379.03
0.5035,0.7604,1,127,2,0,0,1,492.43
0.4236,0.6181,2,127,1,0,0,1,892.8
0.3333,0.5174,2,127,1,0,0,1,1311.92
0.6458,0.809,2,127,1,0,0,1,1345.41
0.2708,0.4479,0,128,1,0,0,2,148.92
0.5035,0.8993,1,128,2,0,0,2,347.03
0.6146,0.4306,1,128,2,0,0,2,348.35
0.5035,0.7604,1,128,2,0,0,2,492.43
0.4236,0.6181,2,128,1,0,0,2,892.8
0.3333,0.5174,2,128,1,0,0,2,1311.92
0.6458,0.809,2,128,1,0,0,2,1345.41
0.4236,0.5556,2,128,1,0,1,2,1893.72
0.7292,0.7917,0,129,0,0,0,4,80.03
0.9792,0.4479,0,129,1,0,0,4,93.92
0.5035,0.4479,0,129,1,0,0,4,109.92
0.2639,0.4479,0,129,2,0,1,4,110.22
0.5035,0.4479,0,129,1,0,0,4,148.92
0.5868,0.4479,0,129,2,0,0,4,149.22
0.7431,0.4479,0,129,2,0,0,4,149.22
0.7431,0.4479,0,129,2,0,0,4,149.22
0.6146,0.4479,0,129,1,0,0,4,171.92
0.5035,0.8993,1,129,2,0,0,4,347.03
0.5035,0.7604,1,129,2,0,0,4,492.43
0.4236,0.6181,2,129,1,0,0,4,892.8
0.7431,0.8021,0,130,1,0,1,5,111.33
0.9792,0.8021,0,130,2,0,0,5,133.51
0.2708,0.4479,0,130,1,0,0,5,148.92
0.9792,0.8021,0,130,2,0,0,5,153.51
0.309,0.8021,0,130,2,0,1,5,176.51
0.4306,0.691,1,130,2,0,0,5,491.31
0.9792,0.4306,1,130,2,0,0,5,492.43
0.5035,0.7604,1,130,2,0,0,5,552.43
0.9792,0.7604,1,130,2,0,0,5,575.03
0.4236,0.6181,2,130,1,0,0,5,892.8
0.3333,0.5174,2,130,1,0,0,5,1311.92
0.6458,0.809,2,130,1,0,0,5,1345.41
0.434,0.7604,2,130,1,0,0,5,1701.64
0.7292,0.7917,0,131,0,0,0,6,102.03
0.7431,0.6979,0,131,2,0,1,6,110.22
0.2639,0.8021,0,131,1,0,0,6,111.33
0.6146,0.6979,0,131,1,0,1,6,148.92
0.7257,0.4306,1,131,2,0,0,6,347.03
0.4306,0.7604,1,131,2,0,0,6,492.43
0.3472,0.7604,1,131,2,0,0,6,575.03
0.4236,0.6181,2,131,1,0,0,6,892.8
0.7257,0.8368,2,131,1,0,0,6,1311.92
0.7292,0.7917,0,132,0,0,0,7,102.03
0.2639,0.6979,0,132,2,0,0,7,129.22
0.2708,0.6979,0,132,1,0,0,7,148.92
0.9792,0.5868,1,132,2,0,0,7,379.03
0.309,0.7604,1,132,2,0,0,7,492.43
0.309,0.7604,1,132,2,0,0,7,575.03
0.4236,0.6181,2,132,1,0,0,7,892.8
0.3333,0.5174,2,132,1,0,0,7,1311.92
0.6458,0.809,2,132,1,0,0,7,1345.41
0.7292,0.7917,0,133,0,0,0,1,80.03
0.2639,0.4479,0,133,2,0,1,1,110.22
0.2639,0.375,0,133,1,0,1,1,111.33
0.7431,0.375,0,133,1,0,0,1,131.33
0.3472,0.4479,0,133,1,0,1,1,148.92
0.2708,0.375,0,133,2,0,1,1,153.51
0.2708,0.375,0,133,2,0,1,1,176.51
0.5035,0.8993,1,133,2,0,0,1,379.03
0.5035,0.7604,1,133,2,0,0,1,492.43
0.4236,0.6181,2,133,1,0,0,1,892.8
0.3333,0.5174,2,133,1,0,0,1,1311.92
0.6458,0.809,2,133,1,0,0,1,1345.41
0.2708,0.4479,0,134,1,0,0,2,128.92
0.309,0.4479,0,134,1,0,0,2,148.92
0.8056,0.5868,1,134,2,0,1,2,347.03
0.4236,0.6181,2,134,1,0,0,2,892.8
0.3333,0.5174,2,134,1,0,0,2,1311.92
0.6458,0.809,2,134,1,0,0,2,1345.41
0.4236,0.5556,2,134,1,0,1,2,1893.72
0.7292,0.7917,0,135,0,0,0,4,80.03
0.8056,0.4479,0,135,1,0,1,4,93.92
0.5868,0.4479,0,135,2,0,2,4,110.22
0.7431,0.4479,0,135,2,0,2,4,129.22
0.3472,0.4479,0,135,1,0,1,4,148.92
0.6146,0.4479,0,135,1,0,1,4,196.92
0.5035,0.8993,1,135,2,0,2,4,347.03
0.5035,0.7604,1,135,2,0,2,4,492.43
0.4236,0.6181,2,135,1,0,1,4,892.8
0.3333,0.5174,2,135,1,0,1,4,1311.92
0.6458,0.809,2,135,1,0,1,4,1345.41
0.7431,0.8021,0,136,1,0,1,5,111.33
0.8056,0.8021,0,136,2,0,1,5,133.51
0.2708,0.4479,0,136,1,0,0,5,148.92
0.3472,0.8021,0,136,2,0,1,5,201.51
0.5035,0.8993,1,136,2,0,0,5,347.03
0.4306,0.691,1,136,2,0,0,5,631.31
0.5035,0.7604,1,136,1,0,0,5,732.43
0.6458,0.809,2,136,1,0,0,5,1345.41
0.434,0.7604,2,136,1,0,0,5,1701.64
0.7431,0.6979,0,137,2,0,1,6,110.22
0.2639,0.8021,0,137,1,0,0,6,111.33
0.7292,0.7917,0,137,0,0,0,6,126.03
0.6146,0.6979,0,137,1,0,1,6,148.92
0.7257,0.4306,1,137,2,0,0,6,347.03
0.4236,0.6181,2,137,1,0,0,6,892.8
0.7257,0.8368,2,137,1,0,0,6,1311.92
0.7292,0.7917,0,138,0,0,0,7,102.03
0.2639,0.6979,0,138,2,0,0,7,129.22
0.4306,0.6979,0,138,1,0,0,7,148.92
0.309,0.7604,1,138,2,0,0,7,492.43
0.309,0.7604,1,138,2,0,0,7,575.03
0.4236,0.6181,2,138,1,0,0,7,892.8
0.7257,0.8368,2,138,1,0,0,7,1311.92
0.6458,0.809,2,138,1,0,0,7,1345.41
0.7292,0.7917,0,139,0,0,0,1,80.03
0.7257,0.4479,0,139,1,0,0,1,109.92
0.2639,0.4479,0,139,2,0,1,1,110.22
0.2639,0.375,0,139,1,0,1,1,111.33
0.8056,0.4479,0,139,1,0,0,1,148.92
0.3472,0.4479,0,139,1,0,1,1,171.92
0.2639,0.375,0,139,1,0,1,1,179.33
0.5035,0.4479,0,139,1,0,1,1,196.92
0.2708,0.375,0,139,2,0,1,1,201.51
0.4306,0.691,1,139,2,0,0,1,491.31
0.4236,0.6181,2,139,1,0,0,1,892.8
0.3333,0.5174,2,139,1,0,0,1,1311.92
0.6458,0.809,2,139,1,0,0,1,1345.41
0.2708,0.4479,0,140,1,0,1,2,148.92
0.309,0.4479,0,140,1,0,1,2,196.92
0.8056,0.5868,1,140,2,0,2,2,347.03
0.5035,0.7604,1,140,2,0,2,2,492.43
0.4236,0.6181,2,140,1,0,0,2,892.8
0.3333,0.5174,2,140,1,0,0,2,1311.92
0.6458,0.809,2,140,1,0,0,2,1345.41
0.4236,0.5556,2,140,1,0,1,2,1893.72
0.7292,0.7917,0,141,0,0,0,3,80.03
0.2708,0.7604,1,141,2,0,0,3,347.03
0.5035,0.7604,1,141,2,0,0,3,552.43
0.4306,0.691,1,141,2,0,0,3,631.31
0.4236,0.6181,2,141,1,0,0,3,892.8
0.3333,0.5174,2,141,1,1,0,3,1311.92
0.6458,0.809,2,141,1,1,0,3,1345.41
0.7431,0.8021,0,143,1,0,1,5,111.33
0.8056,0.8021,0,143,2,0,1,5,133.51
0.2708,0.4479,0,143,1,0,0,5,148.92
0.3472,0.8021,0,143,2,0,1,5,201.51
0.5035,0.8993,1,143,2,0,0,5,347.03
0.4306,0.691,1,143,2,0,0,5,491.31
0.5035,0.7604,1,143,2,0,0,5,732.43
0.4236,0.6181,2,143,1,0,0,5,892.8
0.3333,0.5174,2,143,1,0,0,5,1311.92
0.6458,0.809,2,143,1,0,0,5,1345.41
0.7257,0.8368,2,143,1,0,0,5,1388.92
0.434,0.7604,2,143,1,0,0,5,1701.64
0.7292,0.7917,0,144,0,0,0,6,102.03
0.2639,0.8021,0,144,1,0,0,6,179.33
0.7257,0.4306,1,144,2,0,1,6,347.03
0.2708,0.5556,1,144,2,0,0,6,732.43
0.4236,0.6181,2,144,1,0,0,6,892.8
0.7257,0.8368,2,144,1,0,0,6,1311.92
0.7292,0.7917,0,145,0,0,0,7,102.03
0.2708,0.7604,1,145,2,0,0,7,347.03
0.5035,0.6979,1,145,1,0,0,7,393.92
0.4306,0.691,1,145,2,0,0,7,491.31
0.2708,0.7604,1,145,2,0,0,7,492.43
0.4236,0.6181,2,145,1,0,0,7,892.8
0.7257,0.8368,2,145,1,0,0,7,1311.92
0.6458,0.809,2,145,1,0,0,7,1345.41
0.7292,0.7917,0,146,0,0,0,1,80.03
0.2639,0.375,0,146,1,0,1,1,111.33
0.7431,0.375,0,146,1,0,1,1,131.33
0.3472,0.375,0,146,2,0,1,1,201.51
0.5035,0.8993,1,146,2,0,0,1,379.03
0.4306,0.691,1,146,2,0,0,1,491.31
0.3472,0.7604,1,146,2,0,0,1,492.43
0.4236,0.6181,2,146,1,0,0,1,892.8
0.7257,0.8368,2,146,1,0,0,1,1311.92
0.6458,0.809,2,146,1,0,0,1,1345.41
0.9028,0.5243,2,146,1,0,1,1,1731.98
0.3472,0.7604,1,147,2,0,0,2,347.03
0.2708,0.4479,1,147,1,0,0,2,393.92
0.5035,0.7604,1,147,2,0,0,2,492.43
0.4236,0.6181,2,147,1,0,0,2,892.8
0.3333,0.5174,2,147,1,0,0,2,1311.92
0.6458,0.809,2,147,1,0,0,2,1345.41
0.4236,0.5556,2,147,1,0,1,2,1893.72
0.7292,0.7917,0,148,0,0,0,3,80.03
0.3472,0.7604,1,148,2,0,0,3,347.03
0.4306,0.691,1,148,2,0,0,3,491.31
0.3472,0.7604,1,148,2,0,0,3,492.43
0.4236,0.6181,2,148,1,0,0,3,892.8
0.3333,0.5174,2,148,1,0,0,3,1311.92
0.6458,0.809,2,148,1,0,0,3,1345.41
0.7292,0.7917,0,149,0,0,0,4,126.03
0.9792,0.5868,1,149,2,0,1,4,347.03
0.3472,0.7604,1,149,2,0,0,4,492.43
0.4236,0.6181,2,149,1,0,0,4,892.8
0.3333,0.5174,2,149,1,0,0,4,1311.92
0.7257,0.8368,2,149,1,0,0,4,1345.41
0.2639,0.8021,0,151,1,0,0,6,111.33
0.7292,0.7917,0,151,0,0,0,6,126.03
0.7257,0.5868,1,151,2,0,1,6,347.03
0.4306,0.7604,1,151,2,0,0,6,492.43
0.3472,0.7604,1,151,2,0,0,6,575.03
0.4236,0.6181,2,151,1,0,0,6,892.8
0.7257,0.8368,2,151,1,0,0,6,1311.92
0.7292,0.7917,0,152,0,0,0,7,151.03
0.309,0.7604,1,152,2,0,0,7,379.03
0.4306,0.6979,1,152,1,0,0,7,393.92
0.5035,0.6979,0,152,1,0,0,7,417.92
0.4306,0.691,1,152,2,0,0,7,491.31
0.309,0.7604,1,152,2,0,0,7,492.43
0.4236,0.6181,2,152,1,0,0,7,892.8
0.3333,0.5174,2,152,1,0,0,7,1311.92
0.6458,0.809,2,152,1,0,0,7,1345.41
0.2639,0.375,0,153,1,0,1,1,111.33
0.7431,0.7917,0,153,0,0,0,1,126.03
0.7431,0.375,0,153,1,0,1,1,179.33
0.4306,0.375,0,153,2,0,1,1,201.51
0.5035,0.8993,1,153,2,0,0,1,347.03
0.4306,0.691,1,153,2,0,0,1,491.31
0.3472,0.7604,1,153,2,0,0,1,492.43
0.4236,0.6181,1,153,1,0,0,1,892.8
0.7257,0.8368,2,153,1,0,0,1,1311.92
0.6458,0.809,2,153,1,0,0,1,1345.41
0.9028,0.5243,2,153,1,0,1,1,1731.98
0.3472,0.7604,1,154,2,0,0,2,347.03
0.2708,0.4479,1,154,1,0,0,2,393.92
0.5035,0.7604,1,154,2,0,0,2,492.43
0.4236,0.6181,2,154,1,0,0,2,892.8
0.7257,0.8368,2,154,1,0,0,2,1311.92
0.7257,0.8368,2,154,1,0,0,2,1345.41
0.4236,0.5556,2,154,1,0,1,2,1893.72
0.7292,0.7917,0,155,0,0,0,3,102.3
0.3472,0.8993,1,155,2,0,0,3,347.03
0.4306,0.691,1,155,2,0,0,3,491.31
0.3472,0.7604,1,155,2,0,0,3,492.43
0.4236,0.6181,2,155,1,0,0,3,892.8
0.7257,0.8368,2,155,1,0,0,3,1311.92
0.6458,0.809,2,155,1,0,0,3,1345.41
0.7292,0.7917,0,156,0,0,0,4,102.3
0.3472,0.7604,1,156,2,0,0,4,347.03
0.5035,0.7604,1,156,2,0,0,4,492.43
0.4236,0.6181,2,156,1,0,0,4,892.8
0.7257,0.8368,2,156,1,0,0,4,1311.92
0.7257,0.8368,2,156,1,0,0,4,1345.41
0.2639,0.8021,0,158,1,0,0,6,111.33
0.7292,0.7917,0,158,0,0,0,6,126.03
0.7257,0.4306,1,158,2,0,1,6,347.03
0.3472,0.7604,1,158,2,0,0,6,379.03
0.4306,0.7604,1,158,2,0,0,6,492.43
0.4236,0.6181,2,158,1,0,0,6,892.8
0.7257,0.8368,2,158,1,0,0,6,1311.92
0.7292,0.7917,0,159,0,0,0,7,126.03
0.7257,0.5868,1,159,2,0,1,7,347.03
0.5035,0.6979,1,159,1,0,0,7,393.92
0.4306,0.691,1,159,2,0,0,7,491.31
0.309,0.7604,1,159,2,0,0,7,492.43
0.309,0.7604,1,159,2,0,0,7,575.03
0.4236,0.6181,2,159,1,0,0,7,892.8
0.7257,0.8368,2,159,1,0,0,7,1311.92
0.6458,0.809,2,159,1,0,0,7,1345.41
0.2639,0.375,0,160,1,0,1,1,111.33
0.7292,0.7917,0,160,0,0,0,1,126.03
0.7257,0.375,0,160,2,0,1,1,201.51
0.3472,0.7604,1,160,2,0,0,1,347.03
0.3472,0.7604,1,160,2,0,0,1,492.43
0.4306,0.691,1,160,2,0,0,1,631.31
0.4236,0.6181,2,160,1,0,0,1,892.8
0.7257,0.8368,2,160,1,0,0,1,1311.92
0.6458,0.809,2,160,1,0,0,1,1345.41
0.9028,0.5243,2,160,1,0,1,1,1731.98
0.5035,0.8993,1,161,2,0,0,2,347.03
0.309,0.4479,1,161,1,0,0,2,393.92
0.5035,0.7604,1,161,2,0,0,2,492.43
0.4236,0.6181,2,161,1,0,0,2,892.8
0.7257,0.8368,2,161,1,0,0,2,1311.92
0.6458,0.809,2,161,1,0,0,2,1345.41
0.4236,0.5556,2,161,1,0,1,2,1893.72
0.7292,0.7917,0,162,0,0,0,3,126.03
0.309,0.4479,1,162,2,0,0,3,347.03
0.4306,0.691,1,162,2,0,0,3,491.31
0.3472,0.7604,1,162,2,0,0,3,492.43
0.4236,0.6181,2,162,1,0,0,3,892.8
0.7257,0.8368,2,162,1,0,0,3,1311.92
0.6458,0.809,2,162,1,0,0,3,1345.41
0.7292,0.7917,0,163,0,0,0,4,102.3
0.4306,0.691,1,163,2,0,0,4,347.03
0.4306,0.691,1,163,2,0,0,4,491.31
0.3472,0.7604,1,163,2,0,0,4,492.43
0.4236,0.6181,2,163,1,0,0,4,892.8
0.7257,0.8368,2,163,1,0,0,4,1311.92
0.6458,0.809,2,163,1,0,0,4,1345.41
0.7431,0.8021,0,164,1,0,1,5,179.33
0.4306,0.8021,0,164,2,0,1,5,201.51
0.5035,0.8993,1,164,2,0,0,5,379.03
0.2708,0.4479,1,164,1,0,0,5,393.92
0.4306,0.691,1,164,2,0,0,5,491.31
0.5035,0.7604,1,164,2,0,0,5,492.43
0.4236,0.6181,2,164,1,0,0,5,892.8
0.7257,0.9444,2,164,2,0,0,5,948.35
0.3333,0.691,2,164,1,0,0,5,1311.92
0.6458,0.809,2,164,1,0,0,5,1345.41
0.7257,0.9479,2,164,2,0,0,5,1373.3
0.434,0.7604,2,164,1,0,0,5,1701.64
0.7292,0.7917,0,166,0,0,0,7,151.03
0.5035,0.691,1,166,1,0,0,7,393.92
0.4306,0.691,1,166,2,0,0,7,491.31
0.309,0.7604,1,166,2,0,0,7,492.43
0.309,0.7604,1,166,2,0,0,7,624.03
0.4236,0.6181,2,166,1,0,0,7,892.8
0.7257,0.8368,2,166,1,0,0,7,1311.92
0.7292,0.7917,0,167,0,0,0,1,126.03
0.2639,0.375,0,167,1,0,1,1,179.33
0.4306,0.375,0,167,2,0,1,1,201.51
0.7431,0.875,0,167,1,0,1,1,207.33
0.5035,0.4306,1,167,2,0,1,1,347.03
0.4306,0.691,1,167,2,0,0,1,491.31
0.3472,0.7604,1,167,2,0,0,1,492.43
0.5035,0.8993,1,167,2,0,0,1,575.03
0.4236,0.6181,2,167,1,0,0,1,892.8
0.7257,0.8368,2,167,1,0,0,1,1311.92
0.9028,0.5243,2,167,1,0,1,1,1731.98
0.7257,0.4306,1,175,2,0,1,2,347.03
0.5035,0.8993,1,175,2,0,0,2,379.03
0.2708,0.4479,1,175,1,0,0,2,393.92
0.5035,0.7604,1,175,2,0,0,2,492.43
0.4236,0.6181,2,175,1,0,0,2,892.8
0.7257,0.8368,2,175,1,0,0,2,1311.92
0.4236,0.5556,2,175,1,0,1,2,1893.72
0.7292,0.7917,0,44,2,0,0,3,203.53
0.9931,0.4306,1,44,2,0,1,3,398.27
0.7674,0.5104,1,44,2,0,1,3,402.31
0.2708,0.5556,1,44,2,0,0,3,421.27
0.4757,0.684,1,44,2,0,0,3,627.31
0.3576,0.816,2,44,2,0,0,3,1111.07
0.7292,0.7917,0,45,0,0,0,4,132.53
0.9931,0.5938,1,45,2,0,1,4,350.03
0.3854,0.7535,1,45,2,0,0,4,367.48
0.9931,0.4306,1,45,2,0,1,4,398.27
0.9931,0.5104,1,45,2,0,1,4,402.31
0.3854,0.684,1,45,2,0,0,4,425.31
0.2708,0.5729,1,45,2,0,0,4,428.8
0.2708,0.5556,1,45,2,0,0,4,463.27
0.6181,0.9375,1,45,2,0,0,4,530.1
0.3125,0.7535,1,45,2,0,0,4,562.48
0.4236,0.5868,2,45,1,0,0,4,951.21
0.4236,0.8854,2,45,1,0,0,4,1021.21
0.4236,0.7569,2,45,1,0,0,4,1044.21
0.9931,0.4306,2,45,2,0,1,4,1115.27
0.7292,0.7917,0,46,0,0,0,5,111.53
0.4757,0.7535,1,46,2,0,0,5,367.48
0.4757,0.7604,1,46,2,0,0,5,398.27
0.4757,0.684,1,46,2,0,0,5,402.31
0.9931,0.5729,1,46,2,0,1,5,405.8
0.2708,0.5104,1,46,2,0,0,5,425.31
0.6181,0.9722,1,46,2,0,0,5,463.27
0.6181,0.9722,1,46,2,0,0,5,530.1
0.7292,0.7917,0,50,0,0,0,7,102.53
0.8542,0.5556,1,50,2,0,1,7,398.32
0.9931,0.4444,1,56,2,0,1,6,428.8
0.9931,0.5938,1,60,2,0,1,3,350.03
0.7222,0.5729,1,60,2,0,1,3,405.8
0.9931,0.7396,1,63,2,0,1,6,682.03
0.3125,0.684,1,70,2,0,0,6,425.31
0.4236,0.5868,2,70,1,0,0,6,951.3
0.2708,0.5104,1,80,2,0,0,2,425.31
0.9931,0.816,2,80,2,0,1,2,1111.14
0.9931,0.5938,1,83,2,0,1,5,350.03
0.7292,0.7917,0,90,0,0,0,5,61.53
0.2708,0.5104,1,90,2,0,0,5,402.31
0.3576,0.816,2,95,2,0,0,3,1111.16
0.5035,0.9028,1,100,2,0,0,1,350.03
0.2708,0.5556,1,100,2,0,0,1,463.32
0.7431,0.4479,0,110,2,0,1,4,175.72
0.2708,0.5556,1,110,2,0,0,4,398.32
0.5035,0.4306,1,116,2,0,1,3,383.35
0.3472,0.691,1,122,2,1,0,2,425.31
0.4306,0.7604,1,130,2,0,0,3,398.32
0.5035,0.9028,1,130,2,0,0,3,578.03
0.7292,0.7917,0,77,0,1,0,1,102.03
0.4306,0.4479,0,77,1,1,1,1,142.92
0.5868,0.4479,0,77,2,1,0,1,149.22
0.8056,0.4479,0,77,1,1,0,1,171.92
0.5035,0.8993,1,77,2,1,0,1,379.03
0.5035,0.7604,1,77,2,1,0,1,492.44
0.4306,0.691,1,77,2,1,0,1,631.31
0.7257,0.8368,2,77,1,1,0,1,1311.92
0.6458,0.809,2,77,1,1,0,1,1345.41
0.4236,0.6181,2,78,1,0,0,2,892.8
0.8715,0.8368,2,79,2,0,1,2,971.06
0.6667,0.7778,0,87,0,0,0,3,454.38
0.6076,0.3299,1,87,2,0,0,3,754.94
0.6736,0.375,1,95,1,0,0,5,195.9
0.6667,0.9201,1,95,2,0,1,5,224.45
0.5035,0.8993,1,103,2,0,0,5,347.03
0.6563,0.9757,0,103,0,0,0,5,454.55
0.6667,0.8368,0,112,2,1,0,1,520.27
0.5035,0.8993,1,112,2,1,0,1,679.03
0.4236,0.6181,2,120,1,0,0,2,892.8
0.7257,0.8368,2,120,1,0,0,2,1311.92
0.2049,0.8333,1,128,1,0,0,3,141.9
0.4028,0.7639,1,128,1,0,0,3,173.22
0.6736,0.8333,1,128,1,0,0,3,215.9
0.7257,0.5868,1,128,2,0,0,3,347.03
0.4306,0.691,1,136,2,0,0,3,491.31
0.3472,0.7604,1,136,2,0,0,3,492.44
0.4236,0.6181,2,136,1,0,0,3,892.8
0.7257,0.8368,2,136,1,0,0,3,1311.92
0.3472,0.4479,0,144,1,0,1,4,148.92
0.7431,0.4479,0,144,2,0,0,4,197.22
0.5035,0.8021,0,152,2,0,1,5,201.51
0.6736,0.8333,1,152,1,0,0,5,215.9
0.2049,0.4861,1,152,2,0,0,5,273.14
0.8924,0.2674,1,152,2,0,0,5,331.22
0.5035,0.7604,1,160,2,0,0,5,492.44
0.5035,0.8993,1,160,2,0,0,5,575.03
0.4306,0.691,1,160,2,0,0,5,631.31
0.4236,0.6181,2,160,1,0,0,5,892.8
0.6736,0.7743,2,168,2,0,1,6,923.58
0.2049,0.7708,2,168,2,0,0,6,1004.14
0.6736,0.7743,2,168,2,0,1,6,1036.58
0.7257,0.8368,2,168,1,0,0,6,1311.92
0.4306,0.6979,1,184,1,0,0,7,393.92
0.309,0.7604,1,176,2,0,0,7,492.44
0.7257,0.5868,1,176,2,0,0,7,575.03
0.309,0.8993,1,176,2,0,0,7,679.03
0.4236,0.6181,2,176,1,0,0,7,892.8
0.7257,0.8368,2,176,1,0,0,7,1311.92
0.5417,0.7292,2,176,1,0,0,7,2094.1
